OrderID,OrderDate,Region,City,Category,Product,SalesRep,Quantity,UnitPrice,Discount%,PaymentMode,TotalSales,Month_Name,Perforamence,,,,
ORD1028,26-04-2024,North,Patna,Furniture,Almirah,Neha,4,1496.81,0,NetBanking,5987.24,Apr,LOW,,,,
ORD1037,06-05-2024,East,Pune,Furniture,Almirah,Vikas,14,35143.85,20,Card,393611.12,May,HIGH,,,Q1).North Region me total kitna sales hua hai.,
ORD1040,11-08-2024,North,Chennai,Furniture,Almirah,Rahul,8,1790.56,0,UPI,14324.48,Aug,MEDUIM,,,54516454.45,
ORD1049,09-01-2024,West,Pune,Furniture,Almirah,Neha,2,16324.11,5,NetBanking,31015.81,Jan,MEDUIM,,,,
ORD1051,28-10-2024,North,Bhubaneswar,Furniture,Almirah,Vikas,13,28950.1,0,UPI,376351.3,Oct,HIGH,,,Q2).Kitne electronic order upi se hua hai.,
ORD1073,31-05-2024,East,Bhubaneswar,Furniture,Almirah,Amit,12,16378.65,20,NetBanking,157235.04,May,HIGH,,,71,
ORD1078,14-10-2024,North,Jaipur,Furniture,Almirah,Arjun,6,50356.02,0,UPI,302136.12,Oct,HIGH,,,,
ORD1084,02-02-2024,North,Jaipur,Furniture,Almirah,Amit,8,24765.48,0,Cash,198123.84,Feb,HIGH,,,Q3). South region ka avg order values kya hai,
ORD1092,23-06-2024,East,Pune,Furniture,Almirah,Rahul,3,20478.91,15,Card,52221.22,Jun,MEDUIM,,,7.8,
ORD1118,22-09-2024,East,Pune,Furniture,Almirah,Vikas,5,44102.92,15,Cash,187437.41,Sep,HIGH,,,,
ORD1153,16-08-2024,North,Jaipur,Furniture,Almirah,Vikas,13,3248.84,0,UPI,42234.92,Aug,MEDUIM,,,Q4) Pick any order id and find totalsales value using lookup function,
ORD1167,08-10-2024,South,Chennai,Furniture,Almirah,Pooja,11,51901.86,0,NetBanking,570920.46,Oct,HIGH,,,ORD1084,198123.84
ORD1181,04-06-2024,South,Delhi,Furniture,Almirah,Arjun,1,52195.53,0,Card,52195.53,Jun,MEDUIM,,,,198123.84
ORD1206,15-07-2024,South,Delhi,Furniture,Almirah,Rahul,2,40245.83,0,Card,80491.66,Jul,MEDUIM,,,,
ORD1230,26-09-2024,West,Hyderabad,Furniture,Almirah,Pooja,4,34765.34,20,NetBanking,111249.09,Sep,HIGH,,,,
ORD1237,18-12-2024,North,Bhubaneswar,Furniture,Almirah,Amit,5,7178.69,15,Card,30509.43,Dec,MEDUIM,,,,
ORD1274,02-01-2024,West,Kolkata,Furniture,Almirah,Priya,1,37005.5,0,UPI,37005.5,Jan,MEDUIM,,,,
ORD1285,08-11-2024,West,Lucknow,Furniture,Almirah,Priya,4,10477.38,20,NetBanking,33527.62,Nov,MEDUIM,,,,
ORD1292,22-12-2024,South,Hyderabad,Furniture,Almirah,Neha,5,38172.9,0,UPI,190864.5,Dec,HIGH,,,,
ORD1300,02-10-2024,North,Delhi,Furniture,Almirah,Rahul,14,38710.31,15,UPI,460652.69,Oct,HIGH,,,,
ORD1325,08-07-2024,South,Mumbai,Furniture,Almirah,Rahul,9,30609.14,0,UPI,275482.26,Jul,HIGH,,,,
ORD1326,19-04-2024,West,Bangalore,Furniture,Almirah,Arjun,9,22150.74,0,UPI,199356.66,Apr,HIGH,,,,
ORD1374,16-03-2024,South,Patna,Furniture,Almirah,Arjun,3,18622.02,5,Card,53072.76,Mar,MEDUIM,,,,
ORD1375,21-07-2024,West,Chennai,Furniture,Almirah,Arjun,11,31508.92,10,Cash,311938.31,Jul,HIGH,,,,
ORD1384,17-06-2024,South,Bhubaneswar,Furniture,Almirah,Rahul,8,29914.41,0,Cash,239315.28,Jun,HIGH,,,,
ORD1385,16-10-2024,West,Hyderabad,Furniture,Almirah,Rahul,15,8861.03,0,UPI,132915.45,Oct,HIGH,,,,
ORD1420,11-11-2024,North,Patna,Furniture,Almirah,Vikas,10,24704.36,0,NetBanking,247043.6,Nov,HIGH,,,,
ORD1431,17-01-2024,South,Hyderabad,Furniture,Almirah,Arjun,6,54127.13,0,NetBanking,324762.78,Jan,HIGH,,,,
ORD1432,22-10-2024,South,Bangalore,Furniture,Almirah,Arjun,12,46332.45,0,NetBanking,555989.4,Oct,HIGH,,,,
ORD1462,25-08-2024,North,Lucknow,Furniture,Almirah,Amit,13,7796.59,15,UPI,86152.32,Aug,MEDUIM,,,,
ORD1508,29-09-2024,South,Bhubaneswar,Furniture,Almirah,Sneha,13,33870.34,20,Cash,352251.54,Sep,HIGH,,,,
ORD1526,01-11-2024,East,Ahmedabad,Furniture,Almirah,Amit,5,4203.45,10,UPI,18915.53,Nov,MEDUIM,,,,
ORD1538,27-08-2024,North,Lucknow,Furniture,Almirah,Sneha,7,4539.24,20,NetBanking,25419.74,Aug,MEDUIM,,,,
ORD1542,26-07-2024,South,Ahmedabad,Furniture,Almirah,Neha,14,36242.9,15,NetBanking,431290.51,Jul,HIGH,,,,
ORD1569,24-01-2024,North,Bhubaneswar,Furniture,Almirah,Vikas,11,48974.37,15.00,UPI,-7542052.98,Jan,LOW,,,,
ORD1618,03-03-2024,North,Ahmedabad,Furniture,Almirah,Sneha,6,4394.04,0,UPI,26364.24,Mar,MEDUIM,,,,
ORD1631,14-08-2024,South,Kolkata,Furniture,Almirah,Sneha,11,531.14,20,Card,4674.03,Aug,LOW,,,,
ORD1661,01-03-2024,West,Bangalore,Furniture,Almirah,Priya,4,21936.13,0,NetBanking,87744.52,Mar,MEDUIM,,,,
ORD1688,08-04-2024,West,Lucknow,Furniture,Almirah,Vikas,15,8212.26,0,Card,123183.9,Apr,HIGH,,,,
ORD1701,02-04-2024,South,Lucknow,Furniture,Almirah,Vikas,8,10339.54,20,UPI,66173.06,Apr,MEDUIM,,,,
ORD1711,11-09-2024,North,Ahmedabad,Furniture,Almirah,Sneha,9,29450.63,10,UPI,238550.1,Sep,HIGH,,,,
ORD1740,25-08-2024,East,Lucknow,Furniture,Almirah,Sneha,7,49958.05,15,Cash,297250.4,Aug,HIGH,,,,
ORD1742,19-07-2024,South,Hyderabad,Furniture,Almirah,Arjun,4,33971.48,5,Card,129091.62,Jul,HIGH,,,,
ORD1748,20-11-2024,West,Pune,Furniture,Almirah,Amit,15,24908.14,0,UPI,373622.1,Nov,HIGH,,,,
ORD1787,11-12-2024,South,Bangalore,Furniture,Almirah,Sneha,11,46903.61,0,UPI,515939.71,Dec,HIGH,,,,
ORD1796,01-02-2024,West,Mumbai,Furniture,Almirah,Amit,10,13926.51,0,Card,139265.1,Feb,HIGH,,,,
ORD1799,19-10-2024,North,Bangalore,Furniture,Almirah,Pooja,14,26160.56,0,NetBanking,366247.84,Oct,HIGH,,,,
ORD1803,08-11-2024,North,Jaipur,Furniture,Almirah,Priya,12,45958.19,20,NetBanking,441198.62,Nov,HIGH,,,,
ORD1807,07-05-2024,West,Delhi,Furniture,Almirah,Sneha,14,3317.22,0,Cash,46441.08,May,MEDUIM,,,,
ORD1808,03-03-2024,East,Ahmedabad,Furniture,Almirah,Sneha,11,4408.85,0,NetBanking,48497.35,Mar,MEDUIM,,,,
ORD1824,10-02-2024,West,Pune,Furniture,Almirah,Arjun,6,30913.05,0,Card,185478.3,Feb,HIGH,,,,
ORD1845,23-03-2024,North,Chennai,Furniture,Almirah,Amit,15,20688.62,5,UPI,294812.83,Mar,HIGH,,,,
ORD1861,09-02-2024,West,Lucknow,Furniture,Almirah,Priya,15,53347.35,0,Card,800210.25,Feb,HIGH,,,,
ORD1886,12-02-2024,West,Lucknow,Furniture,Almirah,Rahul,6,37796.4,0,NetBanking,226778.4,Feb,HIGH,,,,
ORD1902,26-05-2024,West,Pune,Furniture,Almirah,Neha,14,50865.36,0,NetBanking,712115.04,May,HIGH,,,,
ORD1905,02-05-2024,West,Bhubaneswar,Furniture,Almirah,Sneha,3,26074.86,15,NetBanking,66490.89,May,MEDUIM,,,,
ORD1931,11-04-2024,North,Patna,Furniture,Almirah,Arjun,11,53434.84,0,NetBanking,587783.24,Apr,HIGH,,,,
ORD1945,12-07-2024,West,Jaipur,Furniture,Almirah,Arjun,13,32998.21,10,UPI,386079.06,Jul,HIGH,,,,
ORD1951,13-08-2024,North,Bhubaneswar,Furniture,Almirah,Vikas,2,41023.83,15,Cash,69740.51,Aug,MEDUIM,,,,
ORD1958,09-04-2024,East,Ahmedabad,Furniture,Almirah,Rahul,4,45921.23,0,Card,183684.92,Apr,HIGH,,,,
ORD2007,29-11-2024,South,Jaipur,Furniture,Almirah,Neha,8,16657.55,20,Card,106608.32,Nov,HIGH,,,,
ORD2022,27-05-2024,North,Chennai,Furniture,Almirah,Sneha,12,37253.53,20,Cash,357633.89,May,HIGH,,,,
ORD2028,12-03-2024,North,Mumbai,Furniture,Almirah,Rahul,13,17556.45,20,Card,182587.08,Mar,HIGH,,,,
ORD2030,10-08-2024,West,Pune,Furniture,Almirah,Pooja,14,8958.17,15,Cash,106602.22,Aug,HIGH,,,,
ORD2034,09-06-2024,South,Mumbai,Furniture,Almirah,Vikas,9,48463.9,5,UPI,414366.35,Jun,HIGH,,,,
ORD2104,23-07-2024,North,Patna,Furniture,Almirah,Rahul,8,39266.39,0,UPI,314131.12,Jul,HIGH,,,,
ORD2110,01-01-2024,West,Kolkata,Furniture,Almirah,Rahul,2,9153.85,0,NetBanking,18307.7,Jan,MEDUIM,,,,
ORD2119,16-05-2024,South,Mumbai,Furniture,Almirah,Vikas,10,16170.28,20,Card,129362.24,May,HIGH,,,,
ORD2126,19-11-2024,East,Delhi,Furniture,Almirah,Sneha,6,39182.81,20,Card,188077.49,Nov,HIGH,,,,
ORD2154,21-05-2024,South,Hyderabad,Furniture,Almirah,Sneha,14,26330.57,5,NetBanking,350196.58,May,HIGH,,,,
ORD2172,20-11-2024,North,Lucknow,Furniture,Almirah,Amit,9,4592.6,20,UPI,33066.72,Nov,MEDUIM,,,,
ORD2191,22-11-2024,East,Patna,Furniture,Almirah,Arjun,12,27454.87,15,UPI,280039.67,Nov,HIGH,,,,
ORD2192,26-06-2024,South,Bhubaneswar,Furniture,Almirah,Vikas,3,48746.44,0,UPI,146239.32,Jun,HIGH,,,,
ORD1007,17-10-2024,West,Delhi,Grocery,Atta,Vikas,15,39541.7,0,Card,593125.5,Oct,HIGH,,,,
ORD1018,11-10-2024,West,Ahmedabad,Grocery,Atta,Amit,11,39568.77,0,Cash,435256.47,Oct,HIGH,,,,
ORD1042,10-01-2024,South,Lucknow,Grocery,Atta,Amit,12,29760.16,0,Card,357121.92,Jan,HIGH,,,,
ORD1055,20-02-2024,West,Jaipur,Grocery,Atta,Rahul,13,11586.78,0,UPI,150628.14,Feb,HIGH,,,,
ORD1094,21-07-2024,West,Delhi,Grocery,Atta,Neha,10,3202.05,0,UPI,32020.5,Jul,MEDUIM,,,,
ORD1135,19-02-2024,South,Delhi,Grocery,Atta,Arjun,7,20651.27,0,UPI,144558.89,Feb,HIGH,,,,
ORD1137,17-09-2024,East,Bhubaneswar,Grocery,Atta,Arjun,9,27043.6,10,Cash,219053.16,Sep,HIGH,,,,
ORD1149,13-05-2024,North,Bangalore,Grocery,Atta,Vikas,7,13106.56,20,Cash,73396.74,May,MEDUIM,,,,
ORD1154,21-04-2024,West,Jaipur,Grocery,Atta,Priya,10,4202.02,5,NetBanking,39919.19,Apr,MEDUIM,,,,
ORD1165,03-07-2024,North,Patna,Grocery,Atta,Sneha,9,48578.09,5,Cash,415342.67,Jul,HIGH,,,,
ORD1184,10-12-2024,West,Lucknow,Grocery,Atta,Priya,8,7827.02,0,NetBanking,62616.16,Dec,MEDUIM,,,,
ORD1202,22-07-2024,North,Jaipur,Grocery,Atta,Rahul,4,53253.45,20,NetBanking,170411.04,Jul,HIGH,,,,
ORD1234,20-01-2024,East,Chennai,Grocery,Atta,Sneha,2,3278.01,10,Card,5900.42,Jan,LOW,,,,
ORD1247,31-12-2024,South,Lucknow,Grocery,Atta,Pooja,1,27715.16,10,Card,24943.64,Dec,MEDUIM,,,,
ORD1288,09-03-2024,East,Patna,Grocery,Atta,Neha,3,22818.45,15,Card,58187.05,Mar,MEDUIM,,,,
ORD1301,07-02-2024,East,Delhi,Grocery,Atta,Arjun,1,9953.97,0,NetBanking,9953.97,Feb,LOW,,,,
ORD1322,28-09-2024,West,Jaipur,Grocery,Atta,Priya,7,12775.85,20,NetBanking,71544.76,Sep,MEDUIM,,,,
ORD1354,25-08-2024,South,Pune,Grocery,Atta,Arjun,12,43570.07,0,UPI,522840.84,Aug,HIGH,,,,
ORD1357,27-01-2024,North,Chennai,Grocery,Atta,Priya,14,36734.87,0,NetBanking,514288.18,Jan,HIGH,,,,
ORD1363,24-09-2024,West,Delhi,Grocery,Atta,Sneha,11,3854.06,20,UPI,33915.73,Sep,MEDUIM,,,,
ORD1395,08-03-2024,West,Bangalore,Grocery,Atta,Amit,4,393.6,20,NetBanking,1259.52,Mar,LOW,,,,
ORD1425,05-08-2024,East,Bangalore,Grocery,Atta,Neha,10,607.16,5,UPI,5768.02,Aug,LOW,,,,
ORD1439,15-05-2024,North,Lucknow,Grocery,Atta,Priya,3,24343.5,5,Card,69378.97,May,MEDUIM,,,,
ORD1448,21-10-2024,West,Jaipur,Grocery,Atta,Priya,9,7725.65,20,UPI,55624.68,Oct,MEDUIM,,,,
ORD1457,09-04-2024,West,Chennai,Grocery,Atta,Rahul,11,19850.74,0,UPI,218358.14,Apr,HIGH,,,,
ORD1463,06-08-2024,North,Lucknow,Grocery,Atta,Neha,13,14984.46,10,UPI,175318.18,Aug,HIGH,,,,
ORD1474,02-09-2024,North,Jaipur,Grocery,Atta,Pooja,15,2396.43,15,Cash,30554.48,Sep,MEDUIM,,,,
ORD1482,02-03-2024,North,Ahmedabad,Grocery,Atta,Pooja,6,28286.42,10,Card,152746.67,Mar,HIGH,,,,
ORD1494,11-12-2024,East,Bangalore,Grocery,Atta,Arjun,8,37030.83,5,UPI,281434.31,Dec,HIGH,,,,
ORD1507,24-07-2024,East,Chennai,Grocery,Atta,Rahul,5,34448.02,5,NetBanking,163628.09,Jul,HIGH,,,,
ORD1529,15-05-2024,North,Bhubaneswar,Grocery,Atta,Pooja,9,17352.97,0,UPI,156176.73,May,HIGH,,,,
ORD1535,23-07-2024,West,Bangalore,Grocery,Atta,Rahul,2,1324.06,0,UPI,2648.12,Jul,LOW,,,,
ORD1537,04-08-2024,North,Mumbai,Grocery,Atta,Pooja,13,20379.33,0,Card,264931.29,Aug,HIGH,,,,
ORD1547,27-11-2024,West,Lucknow,Grocery,Atta,Amit,7,48924.9,0,Card,342474.3,Nov,HIGH,,,,
ORD1556,15-03-2024,North,Lucknow,Grocery,Atta,Rahul,13,745.19,20,NetBanking,7749.98,Mar,LOW,,,,
ORD1558,05-01-2024,East,Patna,Grocery,Atta,Pooja,14,15531.98,10,Cash,195702.95,Jan,HIGH,,,,
ORD1605,19-05-2024,North,Pune,Grocery,Atta,Priya,7,1554.56,5,Cash,10337.82,May,MEDUIM,,,,
ORD1629,11-07-2024,North,Bangalore,Grocery,Atta,Neha,4,35383.73,0,Card,141534.92,Jul,HIGH,,,,
ORD1640,29-09-2024,East,Bhubaneswar,Grocery,Atta,Priya,11,48788.47,10,UPI,483005.85,Sep,HIGH,,,,
ORD1642,31-03-2024,South,Mumbai,Grocery,Atta,Sneha,6,10414.72,0,Card,62488.32,Mar,MEDUIM,,,,
ORD1649,14-03-2024,West,Hyderabad,Grocery,Atta,Priya,14,28698.98,10,Cash,361607.15,Mar,HIGH,,,,
ORD1658,06-02-2024,West,Pune,Grocery,Atta,Rahul,9,40026.15,0,Cash,360235.35,Feb,HIGH,,,,
ORD1667,02-10-2024,East,Bhubaneswar,Grocery,Atta,Sneha,9,11699.2,0,Card,105292.8,Oct,HIGH,,,,
ORD1686,12-02-2024,West,Patna,Grocery,Atta,Vikas,13,23706.57,10,Card,277366.87,Feb,HIGH,,,,
ORD1691,27-02-2024,South,Patna,Grocery,Atta,Neha,2,36858.33,15,Cash,62659.16,Feb,MEDUIM,,,,
ORD1699,16-11-2024,West,Kolkata,Grocery,Atta,Priya,14,770.37,0,NetBanking,10785.18,Nov,MEDUIM,,,,
ORD1708,05-08-2024,North,Hyderabad,Grocery,Atta,Pooja,3,49142.84,15,Cash,125314.24,Aug,HIGH,,,,
ORD1718,25-03-2024,South,Pune,Grocery,Atta,Neha,1,44222.99,15,UPI,37589.54,Mar,MEDUIM,,,,
ORD1738,25-05-2024,North,Ahmedabad,Grocery,Atta,Amit,12,34196.63,20,NetBanking,328287.65,May,HIGH,,,,
ORD1743,28-04-2024,North,Chennai,Grocery,Atta,Vikas,2,39109.36,0,Card,78218.72,Apr,MEDUIM,,,,
ORD1801,27-05-2024,North,Delhi,Grocery,Atta,Amit,2,29486.42,0,UPI,58972.84,May,MEDUIM,,,,
ORD1802,22-06-2024,North,Delhi,Grocery,Atta,Neha,7,14496.28,0,UPI,101473.96,Jun,HIGH,,,,
ORD1821,07-07-2024,South,Delhi,Grocery,Atta,Neha,1,16139.82,0,Card,16139.82,Jul,MEDUIM,,,,
ORD1840,27-02-2024,North,Delhi,Grocery,Atta,Priya,15,49345.65,20,Card,592147.8,Feb,HIGH,,,,
ORD1841,22-12-2024,South,Lucknow,Grocery,Atta,Sneha,7,38824.07,20,UPI,217414.79,Dec,HIGH,,,,
ORD1852,21-06-2024,South,Pune,Grocery,Atta,Sneha,14,8453.54,0,NetBanking,118349.56,Jun,HIGH,,,,
ORD1853,24-08-2024,South,Chennai,Grocery,Atta,Priya,12,26668.2,10,NetBanking,288016.56,Aug,HIGH,,,,
ORD1860,11-11-2024,North,Bhubaneswar,Grocery,Atta,Rahul,11,50025.79,0,Card,550283.69,Nov,HIGH,,,,
ORD1879,15-01-2024,North,Ahmedabad,Grocery,Atta,Rahul,3,28268.8,0,Card,84806.4,Jan,MEDUIM,,,,
ORD1888,01-04-2024,North,Kolkata,Grocery,Atta,Vikas,7,29337.8,5,Card,195096.37,Apr,HIGH,,,,
ORD1911,19-01-2024,West,Bhubaneswar,Grocery,Atta,Vikas,13,7873.15,10,Cash,92115.85,Jan,MEDUIM,,,,
ORD1926,20-05-2024,South,Chennai,Grocery,Atta,Neha,1,45055.61,0,NetBanking,45055.61,May,MEDUIM,,,,
ORD1927,12-11-2024,South,Bangalore,Grocery,Atta,Pooja,9,24317.65,0,UPI,218858.85,Nov,HIGH,,,,
ORD1940,09-01-2024,North,Lucknow,Grocery,Atta,Priya,1,21025.6,5,NetBanking,19974.32,Jan,MEDUIM,,,,
ORD1966,25-06-2024,West,Bhubaneswar,Grocery,Atta,Vikas,6,53552.16,0,Card,321312.96,Jun,HIGH,,,,
ORD1969,14-06-2024,North,Bangalore,Grocery,Atta,Rahul,1,6309.14,10,NetBanking,5678.23,Jun,LOW,,,,
ORD1974,12-06-2024,North,Kolkata,Grocery,Atta,Rahul,9,19767.66,15,UPI,151222.6,Jun,HIGH,,,,
ORD1975,26-04-2024,West,Jaipur,Grocery,Atta,Amit,12,19289.18,15,NetBanking,196749.64,Apr,HIGH,,,,
ORD2014,08-07-2024,East,Kolkata,Grocery,Atta,Sneha,2,9912.5,10,Cash,17842.5,Jul,MEDUIM,,,,
ORD2016,28-11-2024,South,Bangalore,Grocery,Atta,Pooja,4,38588.22,0,UPI,154352.88,Nov,HIGH,,,,
ORD2069,28-05-2024,West,Bangalore,Grocery,Atta,Sneha,10,18361.58,0,UPI,183615.8,May,HIGH,,,,
ORD2095,16-02-2024,South,Delhi,Grocery,Atta,Vikas,12,50388.58,0,NetBanking,604662.96,Feb,HIGH,,,,
ORD2098,30-09-2024,South,Bangalore,Grocery,Atta,Amit,15,10437.01,20,UPI,125244.12,Sep,HIGH,,,,
ORD2124,16-06-2024,West,Mumbai,Grocery,Atta,Rahul,12,53175,5,UPI,606195,Jun,HIGH,,,,
ORD2138,22-01-2024,West,Kolkata,Grocery,Atta,Neha,1,25019.44,0,NetBanking,25019.44,Jan,MEDUIM,,,,
ORD2152,09-05-2024,East,Mumbai,Grocery,Atta,Vikas,1,23944.48,0,Card,23944.48,May,MEDUIM,,,,
ORD2162,22-12-2024,North,Hyderabad,Grocery,Atta,Priya,12,548.34,20,UPI,5264.06,Dec,LOW,,,,
ORD2169,26-08-2024,North,Ahmedabad,Grocery,Atta,Priya,15,5188.16,10,NetBanking,70040.16,Aug,MEDUIM,,,,
ORD2174,05-11-2024,North,Jaipur,Grocery,Atta,Vikas,1,39613.55,0,Cash,39613.55,Nov,MEDUIM,,,,
ORD2180,27-09-2024,West,Jaipur,Grocery,Atta,Pooja,12,472.45,15,NetBanking,4818.99,Sep,LOW,,,,
ORD2185,21-10-2024,West,Bhubaneswar,Grocery,Atta,Rahul,14,29263.45,0,Cash,409688.3,Oct,HIGH,,,,
ORD1002,28-11-2024,South,Hyderabad,Furniture,Chair,Rahul,12,30062.79,0,NetBanking,360753.48,Nov,HIGH,,,,
ORD1036,25-08-2024,West,Mumbai,Furniture,Chair,Arjun,11,29306.03,10,NetBanking,290129.7,Aug,HIGH,,,,
ORD1043,05-03-2024,North,Bangalore,Furniture,Chair,Priya,8,36886.34,10,Card,265581.65,Mar,HIGH,,,,
ORD1068,22-06-2024,South,Pune,Furniture,Chair,Neha,10,38160.21,15,NetBanking,324361.78,Jun,HIGH,,,,
ORD1071,15-12-2024,North,Ahmedabad,Furniture,Chair,Amit,4,27472.17,10,NetBanking,98899.81,Dec,MEDUIM,,,,
ORD1079,09-09-2024,West,Lucknow,Furniture,Chair,Arjun,2,5526.12,10,Card,9947.02,Sep,LOW,,,,
ORD1102,12-08-2024,East,Hyderabad,Furniture,Chair,Neha,8,28918.96,10,UPI,208216.51,Aug,HIGH,,,,
ORD1115,22-06-2024,East,Bhubaneswar,Furniture,Chair,Rahul,14,35425.2,20,UPI,396762.24,Jun,HIGH,,,,
ORD1121,06-07-2024,West,Hyderabad,Furniture,Chair,Pooja,6,21180.42,10,UPI,114374.27,Jul,HIGH,,,,
ORD1139,10-01-2024,East,Delhi,Furniture,Chair,Pooja,8,17390.35,0,UPI,139122.8,Jan,HIGH,,,,
ORD1150,06-06-2024,South,Lucknow,Furniture,Chair,Vikas,3,22416.83,10,Cash,60525.44,Jun,MEDUIM,,,,
ORD1186,08-08-2024,West,Pune,Furniture,Chair,Sneha,2,778.02,0,NetBanking,1556.04,Aug,LOW,,,,
ORD1208,07-08-2024,South,Pune,Furniture,Chair,Vikas,6,43551,0,UPI,261306,Aug,HIGH,,,,
ORD1252,09-07-2024,West,Pune,Furniture,Chair,Priya,1,18715.06,20,Card,14972.05,Jul,MEDUIM,,,,
ORD1255,03-07-2024,West,Mumbai,Furniture,Chair,Amit,12,11111.22,0,Card,133334.64,Jul,HIGH,,,,
ORD1261,12-06-2024,South,Ahmedabad,Furniture,Chair,Arjun,11,7868.14,0,UPI,86549.54,Jun,MEDUIM,,,,
ORD1265,01-06-2024,North,Ahmedabad,Furniture,Chair,Pooja,7,3162.6,20,Card,17710.56,Jun,MEDUIM,,,,
ORD1272,04-12-2024,West,Patna,Furniture,Chair,Priya,2,36504.07,0,Cash,73008.14,Dec,MEDUIM,,,,
ORD1278,01-08-2024,North,Bangalore,Furniture,Chair,Amit,15,32573.12,20,Card,390877.44,Aug,HIGH,,,,
ORD1318,30-10-2024,North,Hyderabad,Furniture,Chair,Rahul,3,7582.88,10,NetBanking,20473.78,Oct,MEDUIM,,,,
ORD1358,19-12-2024,South,Jaipur,Furniture,Chair,Neha,8,37924.68,0,UPI,303397.44,Dec,HIGH,,,,
ORD1408,13-01-2024,South,Ahmedabad,Furniture,Chair,Vikas,13,26649.94,10,Cash,311804.3,Jan,HIGH,,,,
ORD1409,19-01-2024,North,Bangalore,Furniture,Chair,Priya,8,21439.83,20,Cash,137214.91,Jan,HIGH,,,,
ORD1424,31-07-2024,South,Hyderabad,Furniture,Chair,Arjun,14,25190.37,20,NetBanking,282132.14,Jul,HIGH,,,,
ORD1442,03-09-2024,West,Ahmedabad,Furniture,Chair,Priya,2,31284.96,0,Cash,62569.92,Sep,MEDUIM,,,,
ORD1495,22-06-2024,West,Kolkata,Furniture,Chair,Vikas,4,32803.85,5,NetBanking,124654.63,Jun,HIGH,,,,
ORD1506,21-06-2024,South,Jaipur,Furniture,Chair,Vikas,5,3886.38,20,Cash,15545.52,Jun,MEDUIM,,,,
ORD1523,26-09-2024,South,Jaipur,Furniture,Chair,Vikas,7,42580.09,5,Cash,283157.6,Sep,HIGH,,,,
ORD1528,28-09-2024,East,Bhubaneswar,Furniture,Chair,Vikas,7,7970.41,0,Cash,55792.87,Sep,MEDUIM,,,,
ORD1532,09-02-2024,East,Chennai,Furniture,Chair,Priya,4,42300.29,15,NetBanking,143820.99,Feb,HIGH,,,,
ORD1575,27-10-2024,South,Bhubaneswar,Furniture,Chair,Priya,11,5762.72,20,Card,50711.94,Oct,MEDUIM,,,,
ORD1578,21-07-2024,East,Kolkata,Furniture,Chair,Neha,12,6939.14,0,Cash,83269.68,Jul,MEDUIM,,,,
ORD1606,03-07-2024,North,Delhi,Furniture,Chair,Vikas,1,30122.23,0,Card,30122.23,Jul,MEDUIM,,,,
ORD1612,18-12-2024,East,Bangalore,Furniture,Chair,Vikas,10,26976.01,0,UPI,269760.1,Dec,HIGH,,,,
ORD1615,02-02-2024,West,Chennai,Furniture,Chair,Pooja,14,22078.18,20,UPI,247275.62,Feb,HIGH,,,,
ORD1622,22-12-2024,North,Chennai,Furniture,Chair,Vikas,1,46040.26,20,NetBanking,36832.21,Dec,MEDUIM,,,,
ORD1624,26-03-2024,South,Hyderabad,Furniture,Chair,Arjun,1,22979.26,0,NetBanking,22979.26,Mar,MEDUIM,,,,
ORD1628,11-11-2024,South,Bangalore,Furniture,Chair,Rahul,13,49343.51,0,Cash,641465.63,Nov,HIGH,,,,
ORD1639,25-11-2024,East,Delhi,Furniture,Chair,Arjun,12,50445.18,5,Card,575075.05,Nov,HIGH,,,,
ORD1643,12-05-2024,East,Bangalore,Furniture,Chair,Vikas,15,47964.53,5,UPI,683494.55,May,HIGH,,,,
ORD1665,03-03-2024,South,Pune,Furniture,Chair,Priya,1,7259.12,0,UPI,7259.12,Mar,LOW,,,,
ORD1707,24-05-2024,South,Bangalore,Furniture,Chair,Rahul,6,4380.69,0,Card,26284.14,May,MEDUIM,,,,
ORD1769,21-10-2024,East,Delhi,Furniture,Chair,Arjun,5,13284.44,10,NetBanking,59779.98,Oct,MEDUIM,,,,
ORD1798,08-12-2024,South,Jaipur,Furniture,Chair,Priya,2,11353.97,20,Cash,18166.35,Dec,MEDUIM,,,,
ORD1837,11-03-2024,North,Delhi,Furniture,Chair,Pooja,10,20816.26,0,Cash,208162.6,Mar,HIGH,,,,
ORD1844,16-02-2024,South,Lucknow,Furniture,Chair,Neha,13,38819.23,0,Card,504649.99,Feb,HIGH,,,,
ORD1854,03-03-2024,North,Hyderabad,Furniture,Chair,Pooja,3,11015.75,20,Card,26437.8,Mar,MEDUIM,,,,
ORD1865,18-02-2024,East,Patna,Furniture,Chair,Pooja,15,20413.93,0,NetBanking,306208.95,Feb,HIGH,,,,
ORD1903,30-11-2024,South,Ahmedabad,Furniture,Chair,Priya,7,53588.76,5,NetBanking,356365.25,Nov,HIGH,,,,
ORD1934,26-08-2024,East,Pune,Furniture,Chair,Pooja,8,48936.7,15,NetBanking,332769.56,Aug,HIGH,,,,
ORD1997,25-02-2024,West,Pune,Furniture,Chair,Arjun,2,12729.75,20,Cash,20367.6,Feb,MEDUIM,,,,
ORD2002,28-11-2024,West,Delhi,Furniture,Chair,Sneha,14,50112.47,10,NetBanking,631417.12,Nov,HIGH,,,,
ORD2021,16-02-2024,South,Bangalore,Furniture,Chair,Sneha,1,23926.72,15,NetBanking,20337.71,Feb,MEDUIM,,,,
ORD2027,26-08-2024,West,Patna,Furniture,Chair,Pooja,15,25497.88,20,Card,305974.56,Aug,HIGH,,,,
ORD2073,14-02-2024,North,Delhi,Furniture,Chair,Priya,10,10436.13,0,Card,104361.3,Feb,HIGH,,,,
ORD2093,12-01-2024,South,Ahmedabad,Furniture,Chair,Priya,7,31526.78,0,NetBanking,220687.46,Jan,HIGH,,,,
ORD2100,23-11-2024,East,Bangalore,Furniture,Chair,Pooja,10,41547.35,0,NetBanking,415473.5,Nov,HIGH,,,,
ORD2132,17-06-2024,West,Mumbai,Furniture,Chair,Vikas,11,13658.68,5,Cash,142733.21,Jun,HIGH,,,,
ORD2142,04-11-2024,South,Hyderabad,Furniture,Chair,Priya,10,46866.03,0,Card,468660.3,Nov,HIGH,,,,
ORD2143,21-05-2024,North,Bangalore,Furniture,Chair,Vikas,5,46312.4,10,Cash,208405.8,May,HIGH,,,,
ORD2189,09-02-2024,North,Mumbai,Furniture,Chair,Priya,2,50513.55,10,NetBanking,90924.39,Feb,MEDUIM,,,,
ORD2194,20-05-2024,East,Chennai,Furniture,Chair,Vikas,6,18705.67,0,Card,112234.02,May,HIGH,,,,
ORD1010,20-08-2024,South,Mumbai,Electronics,Headphone,Vikas,1,52469.11,15,Card,44598.74,Aug,MEDUIM,,,,
ORD1031,04-03-2024,South,Bhubaneswar,Electronics,Headphone,Rahul,12,49522.57,10,Card,534843.76,Mar,HIGH,,,,
ORD1059,28-08-2024,East,Delhi,Electronics,Headphone,Priya,9,35902.72,0,NetBanking,323124.48,Aug,HIGH,,,,
ORD1061,29-02-2024,West,Patna,Electronics,Headphone,Amit,13,22348.79,10,Card,261480.84,Feb,HIGH,,,,
ORD1090,14-10-2024,East,Chennai,Electronics,Headphone,Vikas,13,45049.79,10,UPI,527082.54,Oct,HIGH,,,,
ORD1155,10-03-2024,East,Mumbai,Electronics,Headphone,Arjun,13,35355.57,15,NetBanking,390679.05,Mar,HIGH,,,,
ORD1176,26-04-2024,East,Pune,Electronics,Headphone,Vikas,6,30506.47,5,Card,173886.88,Apr,HIGH,,,,
ORD1210,17-07-2024,East,Kolkata,Electronics,Headphone,Priya,14,46175.74,5,UPI,614137.34,Jul,HIGH,,,,
ORD1215,25-09-2024,North,Pune,Electronics,Headphone,Rahul,2,14609.64,10,Cash,26297.35,Sep,MEDUIM,,,,
ORD1218,10-12-2024,North,Jaipur,Electronics,Headphone,Pooja,15,3086.43,0,Cash,46296.45,Dec,MEDUIM,,,,
ORD1227,03-02-2024,South,Delhi,Electronics,Headphone,Priya,4,49656.79,5,UPI,188695.8,Feb,HIGH,,,,
ORD1236,10-03-2024,East,Patna,Electronics,Headphone,Neha,3,40332.89,5,Card,114948.74,Mar,HIGH,,,,
ORD1239,20-12-2024,East,Bangalore,Electronics,Headphone,Rahul,2,19406.37,20,NetBanking,31050.19,Dec,MEDUIM,,,,
ORD1246,26-04-2024,North,Ahmedabad,Electronics,Headphone,Pooja,9,3541.91,5,Card,30283.33,Apr,MEDUIM,,,,
ORD1293,14-08-2024,South,Hyderabad,Electronics,Headphone,Sneha,14,12560.06,15,Card,149464.71,Aug,HIGH,,,,
ORD1303,14-02-2024,South,Bhubaneswar,Electronics,Headphone,Sneha,5,42137.03,5,Card,200150.89,Feb,HIGH,,,,
ORD1314,22-01-2024,South,Kolkata,Electronics,Headphone,Neha,11,11531.22,20,UPI,101474.74,Jan,HIGH,,,,
ORD1319,17-08-2024,West,Delhi,Electronics,Headphone,Rahul,10,54604.12,20,Cash,436832.96,Aug,HIGH,,,,
ORD1329,01-01-2024,East,Hyderabad,Electronics,Headphone,Amit,3,4958.99,0,UPI,14876.97,Jan,MEDUIM,,,,
ORD1330,21-05-2024,North,Patna,Electronics,Headphone,Priya,4,33428.71,0,UPI,133714.84,May,HIGH,,,,
ORD1333,17-02-2024,West,Chennai,Electronics,Headphone,Sneha,7,37118.65,20,Cash,207864.44,Feb,HIGH,,,,
ORD1359,01-10-2024,East,Hyderabad,Electronics,Headphone,Pooja,13,6085.06,5,Card,75150.49,Oct,MEDUIM,,,,
ORD1362,02-02-2024,North,Chennai,Electronics,Headphone,Vikas,11,53200.54,20,Cash,468164.75,Feb,HIGH,,,,
ORD1367,06-12-2024,East,Ahmedabad,Electronics,Headphone,Pooja,7,48578.76,0,Cash,340051.32,Dec,HIGH,,,,
ORD1370,20-01-2024,North,Bangalore,Electronics,Headphone,Vikas,8,19689.94,0,UPI,157519.52,Jan,HIGH,,,,
ORD1373,03-10-2024,East,Lucknow,Electronics,Headphone,Pooja,10,8396.99,10,UPI,75572.91,Oct,MEDUIM,,,,
ORD1378,18-08-2024,North,Lucknow,Electronics,Headphone,Pooja,8,1446.6,0,Card,11572.8,Aug,MEDUIM,,,,
ORD1399,13-07-2024,South,Patna,Electronics,Headphone,Vikas,14,3908.13,5,Cash,51978.13,Jul,MEDUIM,,,,
ORD1407,11-09-2024,West,Mumbai,Electronics,Headphone,Neha,15,13222.8,5,UPI,188424.9,Sep,HIGH,,,,
ORD1475,24-11-2024,West,Jaipur,Electronics,Headphone,Pooja,4,32172.04,0,UPI,128688.16,Nov,HIGH,,,,
ORD1503,27-03-2024,East,Lucknow,Electronics,Headphone,Vikas,1,29705.24,0,UPI,29705.24,Mar,MEDUIM,,,,
ORD1566,04-06-2024,West,Patna,Electronics,Headphone,Vikas,5,26828.72,20,Cash,107314.88,Jun,HIGH,,,,
ORD1573,31-12-2024,South,Bangalore,Electronics,Headphone,Priya,1,16531.73,0,UPI,16531.73,Dec,MEDUIM,,,,
ORD1585,06-08-2024,East,Mumbai,Electronics,Headphone,Vikas,11,37085.87,15,UPI,346752.88,Aug,HIGH,,,,
ORD1588,25-02-2024,North,Kolkata,Electronics,Headphone,Priya,8,13262.08,0,NetBanking,106096.64,Feb,HIGH,,,,
ORD1616,24-12-2024,South,Pune,Electronics,Headphone,Rahul,14,39198.31,0,NetBanking,548776.34,Dec,HIGH,,,,
ORD1659,24-03-2024,South,Ahmedabad,Electronics,Headphone,Sneha,10,7738.34,15,UPI,65775.89,Mar,MEDUIM,,,,
ORD1672,18-05-2024,North,Bhubaneswar,Electronics,Headphone,Arjun,10,5628.83,0,NetBanking,56288.3,May,MEDUIM,,,,
ORD1675,16-02-2024,South,Pune,Electronics,Headphone,Vikas,11,4555.22,15,NetBanking,42591.31,Feb,MEDUIM,,,,
ORD1680,23-08-2024,North,Jaipur,Electronics,Headphone,Priya,6,16549.62,0,NetBanking,99297.72,Aug,MEDUIM,,,,
ORD1725,15-02-2024,North,Patna,Electronics,Headphone,Pooja,2,10019.41,20,Card,16031.06,Feb,MEDUIM,,,,
ORD1746,17-11-2024,North,Delhi,Electronics,Headphone,Rahul,1,35183.58,10,Cash,31665.22,Nov,MEDUIM,,,,
ORD1758,28-08-2024,East,Delhi,Electronics,Headphone,Neha,2,45675.79,5,NetBanking,86784,Aug,MEDUIM,,,,
ORD1760,28-03-2024,North,Mumbai,Electronics,Headphone,Amit,2,10675.55,20,Cash,17080.88,Mar,MEDUIM,,,,
ORD1779,21-01-2024,East,Lucknow,Electronics,Headphone,Amit,4,15709.35,10,UPI,56553.66,Jan,MEDUIM,,,,
ORD1781,30-08-2024,West,Bangalore,Electronics,Headphone,Vikas,15,19633.85,20,Cash,235606.2,Aug,HIGH,,,,
ORD1786,16-10-2024,South,Lucknow,Electronics,Headphone,Amit,8,38044.49,20,Card,243484.74,Oct,HIGH,,,,
ORD1866,30-01-2024,East,Bhubaneswar,Electronics,Headphone,Rahul,10,45318.25,20,NetBanking,362546,Jan,HIGH,,,,
ORD1904,18-10-2024,East,Bangalore,Electronics,Headphone,Arjun,11,26060.86,0,Card,286669.46,Oct,HIGH,,,,
ORD1962,23-11-2024,West,Patna,Electronics,Headphone,Pooja,9,18219.87,15,Card,139382.01,Nov,HIGH,,,,
ORD1977,15-01-2024,South,Bhubaneswar,Electronics,Headphone,Pooja,12,32956.07,5,Cash,375699.2,Jan,HIGH,,,,
ORD1981,28-12-2024,East,Kolkata,Electronics,Headphone,Priya,7,48372.74,5,Cash,321678.72,Dec,HIGH,,,,
ORD1985,27-06-2024,North,Kolkata,Electronics,Headphone,Neha,11,10086.84,10,NetBanking,99859.72,Jun,MEDUIM,,,,
ORD2020,25-10-2024,South,Delhi,Electronics,Headphone,Amit,11,53117.31,5,Card,555075.89,Oct,HIGH,,,,
ORD2043,29-01-2024,East,Bangalore,Electronics,Headphone,Sneha,11,37657,0,Card,414227,Jan,HIGH,,,,
ORD2052,12-01-2024,South,Ahmedabad,Electronics,Headphone,Sneha,5,42420.31,0,UPI,212101.55,Jan,HIGH,,,,
ORD2065,02-10-2024,North,Pune,Electronics,Headphone,Amit,13,5570.77,15,NetBanking,61557.01,Oct,MEDUIM,,,,
ORD2075,04-05-2024,South,Chennai,Electronics,Headphone,Arjun,14,26525.33,0,UPI,371354.62,May,HIGH,,,,
ORD2086,01-10-2024,East,Jaipur,Electronics,Headphone,Amit,5,7182.73,0,UPI,35913.65,Oct,MEDUIM,,,,
ORD2087,08-08-2024,South,Patna,Electronics,Headphone,Sneha,4,12830.76,10,Card,46190.74,Aug,MEDUIM,,,,
ORD2088,15-07-2024,South,Bangalore,Electronics,Headphone,Vikas,4,29885.78,0,NetBanking,119543.12,Jul,HIGH,,,,
ORD2139,09-03-2024,South,Mumbai,Electronics,Headphone,Neha,14,5459.56,10,UPI,68790.46,Mar,MEDUIM,,,,
ORD2140,01-10-2024,East,Chennai,Electronics,Headphone,Rahul,14,23525.11,0,Cash,329351.54,Oct,HIGH,,,,
ORD2161,17-02-2024,South,Mumbai,Electronics,Headphone,Sneha,6,50811.48,10,UPI,274381.99,Feb,HIGH,,,,
ORD2171,13-05-2024,North,Lucknow,Electronics,Headphone,Sneha,6,30280.13,20,UPI,145344.62,May,HIGH,,,,
ORD2176,21-01-2024,East,Pune,Electronics,Headphone,Arjun,9,24021.01,0,Cash,216189.09,Jan,HIGH,,,,
ORD1003,21-06-2024,East,Bangalore,Clothing,Jacket,Pooja,2,5282.47,0,UPI,10564.94,Jun,MEDUIM,,,,
ORD1038,11-02-2024,West,Bhubaneswar,Clothing,Jacket,Pooja,3,8465.52,5,NetBanking,24126.73,Feb,MEDUIM,,,,
ORD1050,05-06-2024,East,Pune,Clothing,Jacket,Rahul,5,12833.48,15,Card,54542.29,Jun,MEDUIM,,,,
ORD1065,01-06-2024,South,Lucknow,Clothing,Jacket,Arjun,14,32364.19,15,NetBanking,385133.86,Jun,HIGH,,,,
ORD1100,16-09-2024,West,Lucknow,Clothing,Jacket,Priya,2,17210.35,5,NetBanking,32699.66,Sep,MEDUIM,,,,
ORD1124,04-10-2024,South,Jaipur,Clothing,Jacket,Neha,5,49044.98,20,Card,196179.92,Oct,HIGH,,,,
ORD1142,12-12-2024,East,Jaipur,Clothing,Jacket,Vikas,9,21007.24,5,UPI,179611.9,Dec,HIGH,,,,
ORD1148,08-11-2024,South,Bangalore,Clothing,Jacket,Rahul,14,35202.17,5,Card,468188.86,Nov,HIGH,,,,
ORD1160,29-10-2024,South,Jaipur,Clothing,Jacket,Arjun,15,40489.62,0,Cash,607344.3,Oct,HIGH,,,,
ORD1178,14-02-2024,East,Delhi,Clothing,Jacket,Priya,3,23817.68,10,Cash,64307.74,Feb,MEDUIM,,,,
ORD1182,09-06-2024,West,Chennai,Clothing,Jacket,Sneha,3,53058.69,0,Cash,159176.07,Jun,HIGH,,,,
ORD1219,21-08-2024,North,Jaipur,Clothing,Jacket,Pooja,1,20416.78,0,Card,20416.78,Aug,MEDUIM,,,,
ORD1231,02-04-2024,North,Pune,Clothing,Jacket,Pooja,1,17674.49,0,Cash,17674.49,Apr,MEDUIM,,,,
ORD1315,30-11-2024,West,Chennai,Clothing,Jacket,Sneha,7,20218.26,15,NetBanking,120298.65,Nov,HIGH,,,,
ORD1316,05-11-2024,North,Pune,Clothing,Jacket,Rahul,1,27700.67,0,Card,27700.67,Nov,MEDUIM,,,,
ORD1331,11-05-2024,North,Jaipur,Clothing,Jacket,Sneha,15,29677.11,20,Cash,356125.32,May,HIGH,,,,
ORD1368,20-11-2024,West,Patna,Clothing,Jacket,Vikas,7,45473.29,0,Cash,318313.03,Nov,HIGH,,,,
ORD1380,29-05-2024,South,Delhi,Clothing,Jacket,Neha,14,48610.45,5,NetBanking,646518.98,May,HIGH,,,,
ORD1382,03-06-2024,East,Bhubaneswar,Clothing,Jacket,Amit,4,54780.49,10,Cash,197209.76,Jun,HIGH,,,,
ORD1401,10-11-2024,North,Kolkata,Clothing,Jacket,Vikas,10,27402.55,15,Card,232921.67,Nov,HIGH,,,,
ORD1415,24-12-2024,South,Mumbai,Clothing,Jacket,Priya,15,36651.9,20,Cash,439822.8,Dec,HIGH,,,,
ORD1454,08-05-2024,North,Chennai,Clothing,Jacket,Rahul,6,34001.7,20,UPI,163208.16,May,HIGH,,,,
ORD1505,11-09-2024,North,Mumbai,Clothing,Jacket,Vikas,11,46633.91,20,NetBanking,410378.41,Sep,HIGH,,,,
ORD1520,21-03-2024,East,Delhi,Clothing,Jacket,Neha,4,28496.85,20,NetBanking,91189.92,Mar,MEDUIM,,,,
ORD1525,18-08-2024,West,Hyderabad,Clothing,Jacket,Neha,15,13807.82,10,NetBanking,186405.57,Aug,HIGH,,,,
ORD1551,14-09-2024,East,Bangalore,Clothing,Jacket,Vikas,1,44413.49,0,Cash,44413.49,Sep,MEDUIM,,,,
ORD1554,13-04-2024,West,Bangalore,Clothing,Jacket,Rahul,8,53336.09,20,UPI,341350.98,Apr,HIGH,,,,
ORD1555,18-11-2024,North,Pune,Clothing,Jacket,Arjun,11,13650.73,20,NetBanking,120126.42,Nov,HIGH,,,,
ORD1560,15-01-2024,East,Bangalore,Clothing,Jacket,Priya,15,43853.61,10,UPI,592023.73,Jan,HIGH,,,,
ORD1561,25-01-2024,East,Kolkata,Clothing,Jacket,Sneha,13,35872.74,0,Card,466345.62,Jan,HIGH,,,,
ORD1562,20-10-2024,West,Bhubaneswar,Clothing,Jacket,Neha,11,7870.44,5,NetBanking,82246.1,Oct,MEDUIM,,,,
ORD1595,24-03-2024,West,Pune,Clothing,Jacket,Sneha,2,25095.75,20,NetBanking,40153.2,Mar,MEDUIM,,,,
ORD1630,31-07-2024,East,Jaipur,Clothing,Jacket,Amit,11,44736.54,20,Card,393681.55,Jul,HIGH,,,,
ORD1656,27-12-2024,North,Lucknow,Clothing,Jacket,Neha,10,26409.89,20,Card,211279.12,Dec,HIGH,,,,
ORD1666,02-12-2024,East,Chennai,Clothing,Jacket,Pooja,1,13808.87,0,Card,13808.87,Dec,MEDUIM,,,,
ORD1671,20-05-2024,East,Bangalore,Clothing,Jacket,Vikas,1,5567.49,0,NetBanking,5567.49,May,LOW,,,,
ORD1679,19-11-2024,North,Bangalore,Clothing,Jacket,Pooja,10,21770.46,0,NetBanking,217704.6,Nov,HIGH,,,,
ORD1682,03-04-2024,North,Patna,Clothing,Jacket,Arjun,9,44672.6,0,UPI,402053.4,Apr,HIGH,,,,
ORD1694,18-11-2024,East,Patna,Clothing,Jacket,Amit,12,6635.11,5,Card,75640.25,Nov,MEDUIM,,,,
ORD1741,10-12-2024,South,Patna,Clothing,Jacket,Neha,4,427.83,5,Cash,1625.75,Dec,LOW,,,,
ORD1777,01-08-2024,North,Ahmedabad,Clothing,Jacket,Pooja,5,17150.92,0,Cash,85754.6,Aug,MEDUIM,,,,
ORD1809,05-05-2024,South,Bhubaneswar,Clothing,Jacket,Pooja,9,49135.22,0,Cash,442216.98,May,HIGH,,,,
ORD1813,23-06-2024,West,Bangalore,Clothing,Jacket,Priya,12,45642.32,5,NetBanking,520322.45,Jun,HIGH,,,,
ORD1816,15-08-2024,East,Kolkata,Clothing,Jacket,Sneha,8,1146.21,0,NetBanking,9169.68,Aug,LOW,,,,
ORD1819,29-06-2024,East,Jaipur,Clothing,Jacket,Priya,9,39563.9,10,Card,320467.59,Jun,HIGH,,,,
ORD1828,24-01-2024,South,Jaipur,Clothing,Jacket,Arjun,2,40683.41,0,Cash,81366.82,Jan,MEDUIM,,,,
ORD1832,27-05-2024,North,Bangalore,Clothing,Jacket,Priya,5,26867.64,0,Card,134338.2,May,HIGH,,,,
ORD1842,01-02-2024,South,Chennai,Clothing,Jacket,Vikas,9,42494.57,0,UPI,382451.13,Feb,HIGH,,,,
ORD1875,17-04-2024,West,Jaipur,Clothing,Jacket,Rahul,5,12160.37,0,NetBanking,60801.85,Apr,MEDUIM,,,,
ORD1876,28-10-2024,South,Ahmedabad,Clothing,Jacket,Pooja,15,2054.97,15,Cash,26200.87,Oct,MEDUIM,,,,
ORD1883,20-07-2024,East,Ahmedabad,Clothing,Jacket,Rahul,9,4126.79,5,Card,35284.05,Jul,MEDUIM,,,,
ORD1884,01-01-2024,East,Bhubaneswar,Clothing,Jacket,Sneha,10,33034.53,5,Cash,313828.03,Jan,HIGH,,,,
ORD1933,08-02-2024,West,Jaipur,Clothing,Jacket,Priya,10,5249.46,10,NetBanking,47245.14,Feb,MEDUIM,,,,
ORD1937,16-04-2024,West,Hyderabad,Clothing,Jacket,Amit,4,16800.54,5,Card,63842.05,Apr,MEDUIM,,,,
ORD1947,09-09-2024,East,Lucknow,Clothing,Jacket,Sneha,12,45743.7,10,UPI,494031.96,Sep,HIGH,,,,
ORD1957,09-11-2024,West,Hyderabad,Clothing,Jacket,Sneha,10,52768.31,0,NetBanking,527683.1,Nov,HIGH,,,,
ORD1978,17-09-2024,North,Hyderabad,Clothing,Jacket,Amit,7,8103.97,10,Cash,51055.01,Sep,MEDUIM,,,,
ORD1996,13-05-2024,West,Bhubaneswar,Clothing,Jacket,Pooja,2,41902.21,5,Card,79614.2,May,MEDUIM,,,,
ORD1999,24-08-2024,North,Chennai,Clothing,Jacket,Rahul,4,49605.64,0,Card,198422.56,Aug,HIGH,,,,
ORD2003,19-03-2024,North,Pune,Clothing,Jacket,Arjun,8,29597.72,0,Cash,236781.76,Mar,HIGH,,,,
ORD2011,22-06-2024,West,Pune,Clothing,Jacket,Arjun,12,9801.95,0,UPI,117623.4,Jun,HIGH,,,,
ORD2018,28-12-2024,North,Pune,Clothing,Jacket,Pooja,6,7452.24,0,UPI,44713.44,Dec,MEDUIM,,,,
ORD2032,06-03-2024,East,Bhubaneswar,Clothing,Jacket,Neha,6,31179.96,5,Card,177725.77,Mar,HIGH,,,,
ORD2036,05-11-2024,South,Pune,Clothing,Jacket,Vikas,15,29589.8,20,UPI,355077.6,Nov,HIGH,,,,
ORD2047,29-11-2024,North,Mumbai,Clothing,Jacket,Rahul,5,24950.41,5,UPI,118514.45,Nov,HIGH,,,,
ORD2055,16-05-2024,North,Mumbai,Clothing,Jacket,Amit,1,36984.09,20,NetBanking,29587.27,May,MEDUIM,,,,
ORD2079,25-08-2024,West,Pune,Clothing,Jacket,Pooja,11,44413.26,0,NetBanking,488545.86,Aug,HIGH,,,,
ORD2094,06-07-2024,North,Chennai,Clothing,Jacket,Sneha,15,54841.03,5,UPI,781484.68,Jul,HIGH,,,,
ORD2105,26-08-2024,East,Lucknow,Clothing,Jacket,Pooja,15,21383.32,15,UPI,272637.33,Aug,HIGH,,,,
ORD2118,19-10-2024,West,Bhubaneswar,Clothing,Jacket,Amit,2,2415.55,0,Card,4831.1,Oct,LOW,,,,
ORD2183,21-01-2024,East,Lucknow,Clothing,Jacket,Amit,14,21582.09,15,Card,256826.87,Jan,HIGH,,,,
ORD1047,18-08-2024,East,Lucknow,Clothing,Jeans,Rahul,4,41326.1,10,NetBanking,148773.96,Aug,HIGH,,,,
ORD1066,15-07-2024,South,Hyderabad,Clothing,Jeans,Arjun,4,47109.51,5,Card,179016.14,Jul,HIGH,,,,
ORD1072,25-06-2024,East,Lucknow,Clothing,Jeans,Pooja,10,16593.65,5,UPI,157639.67,Jun,HIGH,,,,
ORD1074,21-11-2024,North,Kolkata,Clothing,Jeans,Priya,4,34224.84,15,UPI,116364.46,Nov,HIGH,,,,
ORD1128,16-11-2024,North,Kolkata,Clothing,Jeans,Neha,5,33870.67,0,UPI,169353.35,Nov,HIGH,,,,
ORD1196,22-08-2024,West,Kolkata,Clothing,Jeans,Neha,10,40890,20,UPI,327120,Aug,HIGH,,,,
ORD1200,15-03-2024,North,Bangalore,Clothing,Jeans,Vikas,12,17850.9,0,NetBanking,214210.8,Mar,HIGH,,,,
ORD1209,19-07-2024,East,Hyderabad,Clothing,Jeans,Pooja,5,35610.1,20,UPI,142440.4,Jul,HIGH,,,,
ORD1235,12-01-2024,East,Kolkata,Clothing,Jeans,Neha,3,32346.18,0,NetBanking,97038.54,Jan,MEDUIM,,,,
ORD1238,13-03-2024,South,Lucknow,Clothing,Jeans,Neha,6,41044.81,0,NetBanking,246268.86,Mar,HIGH,,,,
ORD1243,20-07-2024,South,Delhi,Clothing,Jeans,Pooja,10,30321.51,5,Card,288054.34,Jul,HIGH,,,,
ORD1259,12-12-2024,West,Pune,Clothing,Jeans,Neha,9,45372.23,5,Cash,387932.57,Dec,HIGH,,,,
ORD1266,19-06-2024,South,Lucknow,Clothing,Jeans,Rahul,11,54267.89,0,Card,596946.79,Jun,HIGH,,,,
ORD1268,03-01-2024,East,Jaipur,Clothing,Jeans,Vikas,11,40401.46,0,Card,444416.06,Jan,HIGH,,,,
ORD1275,15-05-2024,North,Pune,Clothing,Jeans,Neha,8,2944.39,20,NetBanking,18844.1,May,MEDUIM,,,,
ORD1277,23-07-2024,South,Lucknow,Clothing,Jeans,Rahul,8,15096.45,5,UPI,114733.02,Jul,HIGH,,,,
ORD1283,05-07-2024,South,Pune,Clothing,Jeans,Neha,14,3174.28,0,NetBanking,44439.92,Jul,MEDUIM,,,,
ORD1291,08-05-2024,South,Bhubaneswar,Clothing,Jeans,Pooja,3,46198.12,15,UPI,117805.21,May,HIGH,,,,
ORD1309,24-11-2024,South,Hyderabad,Clothing,Jeans,Neha,7,15362.05,0,Cash,107534.35,Nov,HIGH,,,,
ORD1387,17-12-2024,West,Bangalore,Clothing,Jeans,Neha,1,19887.52,15,Card,16904.39,Dec,MEDUIM,,,,
ORD1393,28-02-2024,South,Delhi,Clothing,Jeans,Rahul,12,24827.03,0,NetBanking,297924.36,Feb,HIGH,,,,
ORD1430,11-05-2024,South,Patna,Clothing,Jeans,Rahul,1,40830.32,10,Cash,36747.29,May,MEDUIM,,,,
ORD1449,22-12-2024,North,Mumbai,Clothing,Jeans,Arjun,6,30526.74,5,Card,174002.42,Dec,HIGH,,,,
ORD1465,01-09-2024,East,Jaipur,Clothing,Jeans,Neha,12,51665.31,10,Cash,557985.35,Sep,HIGH,,,,
ORD1470,13-05-2024,South,Kolkata,Clothing,Jeans,Rahul,4,26736.52,0,Card,106946.08,May,HIGH,,,,
ORD1471,20-12-2024,South,Hyderabad,Clothing,Jeans,Pooja,15,36716.31,0,Cash,550744.65,Dec,HIGH,,,,
ORD1472,28-12-2024,South,Hyderabad,Clothing,Jeans,Priya,1,36672.32,0,UPI,36672.32,Dec,MEDUIM,,,,
ORD1478,31-07-2024,North,Ahmedabad,Clothing,Jeans,Neha,3,45986.03,10,UPI,124162.28,Jul,HIGH,,,,
ORD1483,03-07-2024,East,Lucknow,Clothing,Jeans,Sneha,7,35066.34,0,Card,245464.38,Jul,HIGH,,,,
ORD1490,18-10-2024,West,Hyderabad,Clothing,Jeans,Rahul,2,5630.99,10,UPI,10135.78,Oct,MEDUIM,,,,
ORD1510,03-11-2024,South,Bhubaneswar,Clothing,Jeans,Pooja,4,22441.45,0,NetBanking,89765.8,Nov,MEDUIM,,,,
ORD1548,12-08-2024,West,Pune,Clothing,Jeans,Pooja,4,28018.45,10,Card,100866.42,Aug,HIGH,,,,
ORD1610,17-12-2024,West,Pune,Clothing,Jeans,Amit,13,22304.61,20,Card,231967.94,Dec,HIGH,,,,
ORD1652,24-06-2024,North,Jaipur,Clothing,Jeans,Arjun,7,50077.16,15,Card,297959.1,Jun,HIGH,,,,
ORD1677,17-08-2024,West,Jaipur,Clothing,Jeans,Neha,3,37163.81,20,UPI,89193.14,Aug,MEDUIM,,,,
ORD1683,25-05-2024,West,Delhi,Clothing,Jeans,Pooja,1,7525.68,5,Cash,7149.4,May,LOW,,,,
ORD1695,16-10-2024,West,Kolkata,Clothing,Jeans,Priya,1,43732.59,15,Card,37172.7,Oct,MEDUIM,,,,
ORD1697,17-05-2024,South,Bhubaneswar,Clothing,Jeans,Vikas,9,6726.87,0,Card,60541.83,May,MEDUIM,,,,
ORD1700,15-06-2024,North,Mumbai,Clothing,Jeans,Arjun,5,11374.74,15,Cash,48342.64,Jun,MEDUIM,,,,
ORD1702,17-12-2024,West,Chennai,Clothing,Jeans,Priya,10,10494.07,0,Card,104940.7,Dec,HIGH,,,,
ORD1710,06-03-2024,West,Lucknow,Clothing,Jeans,Neha,3,42260.94,0,Card,126782.82,Mar,HIGH,,,,
ORD1717,19-05-2024,West,Mumbai,Clothing,Jeans,Priya,2,28778.26,0,NetBanking,57556.52,May,MEDUIM,,,,
ORD1736,22-10-2024,East,Hyderabad,Clothing,Jeans,Pooja,1,20490.05,0,NetBanking,20490.05,Oct,MEDUIM,,,,
ORD1744,14-01-2024,West,Delhi,Clothing,Jeans,Priya,7,832.29,20,NetBanking,4660.82,Jan,LOW,,,,
ORD1747,10-09-2024,West,Delhi,Clothing,Jeans,Pooja,14,20004.57,20,UPI,224051.18,Sep,HIGH,,,,
ORD1752,06-09-2024,East,Hyderabad,Clothing,Jeans,Arjun,7,48580.58,5,NetBanking,323060.86,Sep,HIGH,,,,
ORD1771,14-12-2024,North,Chennai,Clothing,Jeans,Neha,2,9332.17,0,UPI,18664.34,Dec,MEDUIM,,,,
ORD1780,14-09-2024,South,Patna,Clothing,Jeans,Sneha,11,52727.13,10,NetBanking,521998.59,Sep,HIGH,,,,
ORD1782,14-06-2024,South,Ahmedabad,Clothing,Jeans,Vikas,13,31883.57,15,UPI,352313.45,Jun,HIGH,,,,
ORD1792,22-08-2024,East,Ahmedabad,Clothing,Jeans,Arjun,5,699.78,0,UPI,3498.9,Aug,LOW,,,,
ORD1833,09-10-2024,East,Delhi,Clothing,Jeans,Sneha,14,28076.66,0,UPI,393073.24,Oct,HIGH,,,,
ORD1870,21-11-2024,North,Mumbai,Clothing,Jeans,Priya,12,46348.4,0,NetBanking,556180.8,Nov,HIGH,,,,
ORD1894,20-10-2024,East,Lucknow,Clothing,Jeans,Amit,8,11993.47,5,NetBanking,91150.37,Oct,MEDUIM,,,,
ORD1901,22-05-2024,West,Ahmedabad,Clothing,Jeans,Neha,6,42423.38,15,NetBanking,216359.24,May,HIGH,,,,
ORD1941,25-11-2024,North,Jaipur,Clothing,Jeans,Amit,13,21554.8,5,Card,266201.78,Nov,HIGH,,,,
ORD1961,04-11-2024,East,Delhi,Clothing,Jeans,Arjun,10,47606.66,0,UPI,476066.6,Nov,HIGH,,,,
ORD1988,29-05-2024,East,Mumbai,Clothing,Jeans,Pooja,11,23562.29,5,NetBanking,246225.93,May,HIGH,,,,
ORD2024,25-06-2024,East,Pune,Clothing,Jeans,Priya,12,13394.23,0,UPI,160730.76,Jun,HIGH,,,,
ORD2039,09-01-2024,South,Chennai,Clothing,Jeans,Amit,2,3072.81,0,NetBanking,6145.62,Jan,LOW,,,,
ORD2059,20-12-2024,East,Bangalore,Clothing,Jeans,Amit,7,4679.54,5,Cash,31118.94,Dec,MEDUIM,,,,
ORD2064,13-11-2024,West,Patna,Clothing,Jeans,Neha,10,50591.65,15,Cash,430029.02,Nov,HIGH,,,,
ORD2091,25-09-2024,West,Pune,Clothing,Jeans,Rahul,6,17849.98,5,UPI,101744.89,Sep,HIGH,,,,
ORD2129,02-06-2024,West,Pune,Clothing,Jeans,Amit,15,35932.6,0,Card,538989,Jun,HIGH,,,,
ORD2148,03-08-2024,South,Jaipur,Clothing,Jeans,Rahul,5,35728.9,5,Card,169712.27,Aug,HIGH,,,,
ORD2158,04-11-2024,East,Ahmedabad,Clothing,Jeans,Neha,10,31108.41,0,Cash,311084.1,Nov,HIGH,,,,
ORD2175,16-03-2024,West,Jaipur,Clothing,Jeans,Rahul,10,36814.27,10,Cash,331328.43,Mar,HIGH,,,,
ORD2186,22-12-2024,East,Ahmedabad,Clothing,Jeans,Sneha,1,37117.54,0,Card,37117.54,Dec,MEDUIM,,,,
ORD2193,28-09-2024,South,Chennai,Clothing,Jeans,Rahul,8,18993.68,0,Card,151949.44,Sep,HIGH,,,,
ORD1012,05-09-2024,South,Delhi,Electronics,Laptop,Rahul,14,3992.85,20,Cash,44719.92,Sep,MEDUIM,,,,
ORD1014,06-02-2024,West,Bangalore,Electronics,Laptop,Vikas,12,34784.44,0,NetBanking,417413.28,Feb,HIGH,,,,
ORD1020,11-02-2024,East,Jaipur,Electronics,Laptop,Sneha,7,36224.05,10,Cash,228211.52,Feb,HIGH,,,,
ORD1023,24-02-2024,North,Kolkata,Electronics,Laptop,Vikas,12,30516.66,0,NetBanking,366199.92,Feb,HIGH,,,,
ORD1027,08-12-2024,East,Patna,Electronics,Laptop,Pooja,14,40481.15,0,Card,566736.1,Dec,HIGH,,,,
ORD1039,26-10-2024,South,Pune,Electronics,Laptop,Arjun,12,1270.35,20,NetBanking,12195.36,Oct,MEDUIM,,,,
ORD1057,13-03-2024,East,Chennai,Electronics,Laptop,Priya,2,3468.16,20,NetBanking,5549.06,Mar,LOW,,,,
ORD1098,26-11-2024,West,Patna,Electronics,Laptop,Priya,14,8293.4,0,Card,116107.6,Nov,HIGH,,,,
ORD1117,25-01-2024,West,Patna,Electronics,Laptop,Arjun,14,36134.08,0,Cash,505877.12,Jan,HIGH,,,,
ORD1125,09-09-2024,West,Bangalore,Electronics,Laptop,Priya,1,19977.13,10,UPI,17979.42,Sep,MEDUIM,,,,
ORD1144,21-02-2024,South,Bangalore,Electronics,Laptop,Rahul,7,18300.09,5,NetBanking,121695.6,Feb,HIGH,,,,
ORD1159,21-10-2024,North,Kolkata,Electronics,Laptop,Sneha,6,31845.62,20,NetBanking,152858.98,Oct,HIGH,,,,
ORD1171,13-11-2024,North,Bangalore,Electronics,Laptop,Sneha,9,14032.52,0,Card,126292.68,Nov,HIGH,,,,
ORD1191,26-12-2024,East,Chennai,Electronics,Laptop,Pooja,13,43821.24,10,UPI,512708.51,Dec,HIGH,,,,
ORD1212,07-06-2024,North,Kolkata,Electronics,Laptop,Priya,2,28219.5,0,Cash,56439,Jun,MEDUIM,,,,
ORD1214,11-09-2024,West,Delhi,Electronics,Laptop,Vikas,6,28860.69,20,UPI,138531.31,Sep,HIGH,,,,
ORD1221,08-09-2024,North,Chennai,Electronics,Laptop,Arjun,1,53496.25,0,Cash,53496.25,Sep,MEDUIM,,,,
ORD1254,29-12-2024,West,Lucknow,Electronics,Laptop,Sneha,9,22305.51,20,UPI,160599.67,Dec,HIGH,,,,
ORD1321,03-11-2024,North,Ahmedabad,Electronics,Laptop,Amit,1,48300.84,10,NetBanking,43470.76,Nov,MEDUIM,,,,
ORD1327,10-08-2024,West,Ahmedabad,Electronics,Laptop,Arjun,2,3711.61,0,Cash,7423.22,Aug,LOW,,,,
ORD1328,06-01-2024,South,Pune,Electronics,Laptop,Sneha,4,46811.11,20,Card,149795.55,Jan,HIGH,,,,
ORD1344,09-06-2024,South,Kolkata,Electronics,Laptop,Neha,6,35985.12,15,NetBanking,183524.11,Jun,HIGH,,,,
ORD1381,22-08-2024,East,Hyderabad,Electronics,Laptop,Rahul,9,50963.98,0,UPI,458675.82,Aug,HIGH,,,,
ORD1389,07-09-2024,North,Ahmedabad,Electronics,Laptop,Arjun,12,18004.28,5,Cash,205248.79,Sep,HIGH,,,,
ORD1392,30-07-2024,North,Chennai,Electronics,Laptop,Priya,6,24908.54,0,Cash,149451.24,Jul,HIGH,,,,
ORD1403,04-02-2024,East,Patna,Electronics,Laptop,Amit,5,16655.56,10,Card,74950.02,Feb,MEDUIM,,,,
ORD1456,11-07-2024,South,Mumbai,Electronics,Laptop,Pooja,15,12292.32,5,Card,175165.56,Jul,HIGH,,,,
ORD1469,23-10-2024,East,Patna,Electronics,Laptop,Pooja,6,36135.68,20,NetBanking,173451.26,Oct,HIGH,,,,
ORD1484,16-12-2024,East,Patna,Electronics,Laptop,Rahul,13,16698.76,15,UPI,184521.3,Dec,HIGH,,,,
ORD1491,23-12-2024,East,Pune,Electronics,Laptop,Sneha,10,10344.89,15,Card,87931.56,Dec,MEDUIM,,,,
ORD1563,11-02-2024,West,Pune,Electronics,Laptop,Arjun,2,3608.21,0,Cash,7216.42,Feb,LOW,,,,
ORD1570,24-09-2024,West,Jaipur,Electronics,Laptop,Amit,4,41330.61,10,Cash,148790.2,Sep,HIGH,,,,
ORD1582,14-12-2024,East,Lucknow,Electronics,Laptop,Sneha,15,39064.04,0,NetBanking,585960.6,Dec,HIGH,,,,
ORD1592,17-09-2024,East,Hyderabad,Electronics,Laptop,Amit,5,19675.44,5,Card,93458.34,Sep,MEDUIM,,,,
ORD1594,25-06-2024,West,Lucknow,Electronics,Laptop,Pooja,4,53712.79,15,Cash,182623.49,Jun,HIGH,,,,
ORD1597,09-04-2024,South,Patna,Electronics,Laptop,Sneha,11,32295.61,20,Cash,284201.37,Apr,HIGH,,,,
ORD1602,17-09-2024,North,Ahmedabad,Electronics,Laptop,Pooja,6,27522.61,5,NetBanking,156878.88,Sep,HIGH,,,,
ORD1625,01-07-2024,South,Bangalore,Electronics,Laptop,Vikas,6,9714.46,5,Cash,55372.42,Jul,MEDUIM,,,,
ORD1632,16-09-2024,South,Bangalore,Electronics,Laptop,Sneha,2,23557.94,5,Cash,44760.09,Sep,MEDUIM,,,,
ORD1645,04-11-2024,South,Lucknow,Electronics,Laptop,Neha,9,54281.95,20,Cash,390830.04,Nov,HIGH,,,,
ORD1663,26-11-2024,West,Pune,Electronics,Laptop,Rahul,12,23964.38,10,NetBanking,258815.3,Nov,HIGH,,,,
ORD1706,06-08-2024,South,Delhi,Electronics,Laptop,Priya,7,8276.23,15,NetBanking,49243.57,Aug,MEDUIM,,,,
ORD1716,17-01-2024,West,Jaipur,Electronics,Laptop,Pooja,10,41362.08,10,Cash,372258.72,Jan,HIGH,,,,
ORD1729,09-08-2024,North,Lucknow,Electronics,Laptop,Pooja,4,22203.32,0,UPI,88813.28,Aug,MEDUIM,,,,
ORD1745,19-11-2024,North,Ahmedabad,Electronics,Laptop,Arjun,13,19825.05,0,Cash,257725.65,Nov,HIGH,,,,
ORD1776,25-02-2024,West,Ahmedabad,Electronics,Laptop,Rahul,5,48267.49,15,Cash,205136.83,Feb,HIGH,,,,
ORD1810,28-04-2024,North,Hyderabad,Electronics,Laptop,Sneha,5,40856.59,0,NetBanking,204282.95,Apr,HIGH,,,,
ORD1827,20-09-2024,North,Delhi,Electronics,Laptop,Vikas,14,29206.17,5,UPI,388442.06,Sep,HIGH,,,,
ORD1851,30-10-2024,West,Chennai,Electronics,Laptop,Sneha,4,4797.11,5,UPI,18229.02,Oct,MEDUIM,,,,
ORD1872,24-11-2024,West,Bhubaneswar,Electronics,Laptop,Rahul,15,47579.31,15,Cash,606636.2,Nov,HIGH,,,,
ORD1881,11-08-2024,South,Bangalore,Electronics,Laptop,Neha,2,39882.56,0,UPI,79765.12,Aug,MEDUIM,,,,
ORD1913,26-10-2024,East,Kolkata,Electronics,Laptop,Rahul,1,14416.28,15,Cash,12253.84,Oct,MEDUIM,,,,
ORD1918,24-09-2024,West,Delhi,Electronics,Laptop,Amit,5,3535.41,0,Cash,17677.05,Sep,MEDUIM,,,,
ORD1919,14-08-2024,West,Mumbai,Electronics,Laptop,Arjun,2,26286.76,0,UPI,52573.52,Aug,MEDUIM,,,,
ORD1939,17-04-2024,North,Delhi,Electronics,Laptop,Priya,2,51750.13,15,Cash,87975.22,Apr,MEDUIM,,,,
ORD1950,23-03-2024,East,Delhi,Electronics,Laptop,Arjun,7,17874.77,10,NetBanking,112611.05,Mar,HIGH,,,,
ORD1970,30-12-2024,East,Delhi,Electronics,Laptop,Arjun,10,50325.41,15,Card,427765.99,Dec,HIGH,,,,
ORD1984,31-03-2024,East,Bhubaneswar,Electronics,Laptop,Amit,15,24350.23,20,UPI,292202.76,Mar,HIGH,,,,
ORD1991,05-04-2024,North,Lucknow,Electronics,Laptop,Amit,15,12341.88,0,UPI,185128.2,Apr,HIGH,,,,
ORD2045,27-04-2024,North,Delhi,Electronics,Laptop,Rahul,10,27132.28,0,NetBanking,271322.8,Apr,HIGH,,,,
ORD2068,22-12-2024,South,Pune,Electronics,Laptop,Pooja,10,21472.16,10,Card,193249.44,Dec,HIGH,,,,
ORD2103,16-03-2024,East,Ahmedabad,Electronics,Laptop,Rahul,8,47612.81,20,UPI,304721.98,Mar,HIGH,,,,
ORD2117,17-02-2024,East,Pune,Electronics,Laptop,Amit,15,53359.3,20,Card,640311.6,Feb,HIGH,,,,
ORD2130,22-07-2024,West,Mumbai,Electronics,Laptop,Arjun,1,23764.59,0,UPI,23764.59,Jul,MEDUIM,,,,
ORD2134,01-04-2024,East,Lucknow,Electronics,Laptop,Priya,2,42116.54,0,NetBanking,84233.08,Apr,MEDUIM,,,,
ORD2149,21-01-2024,North,Hyderabad,Electronics,Laptop,Vikas,4,54898.34,15,UPI,186654.36,Jan,HIGH,,,,
ORD2150,08-01-2024,East,Jaipur,Electronics,Laptop,Neha,7,6061.06,0,Cash,42427.42,Jan,MEDUIM,,,,
ORD2157,19-12-2024,West,Lucknow,Electronics,Laptop,Arjun,13,30552.21,10,Cash,357460.86,Dec,HIGH,,,,
ORD2196,22-01-2024,West,Mumbai,Electronics,Laptop,Priya,4,48140.63,0,UPI,192562.52,Jan,HIGH,,,,
ORD2199,03-01-2024,South,Bhubaneswar,Electronics,Laptop,Rahul,13,29123.98,5,NetBanking,359681.15,Jan,HIGH,,,,
ORD1001,24-04-2024,South,Kolkata,Electronics,Mobile,Priya,3,40558.62,15,Card,103424.48,Apr,HIGH,,,,
ORD1017,01-05-2024,West,Delhi,Electronics,Mobile,Arjun,3,22471.49,5,Cash,64043.75,May,MEDUIM,,,,
ORD1019,28-09-2024,North,Ahmedabad,Electronics,Mobile,Sneha,3,3317,10,NetBanking,8955.9,Sep,LOW,,,,
ORD1025,17-03-2024,North,Jaipur,Electronics,Mobile,Amit,9,2174.34,0,Cash,19569.06,Mar,MEDUIM,,,,
ORD1069,16-12-2024,North,Hyderabad,Electronics,Mobile,Priya,15,15948.37,0,NetBanking,239225.55,Dec,HIGH,,,,
ORD1088,19-02-2024,North,Lucknow,Electronics,Mobile,Priya,12,40686.02,20,NetBanking,390585.79,Feb,HIGH,,,,
ORD1093,04-12-2024,North,Patna,Electronics,Mobile,Priya,7,26814.26,5,Cash,178314.83,Dec,HIGH,,,,
ORD1109,23-03-2024,North,Kolkata,Electronics,Mobile,Pooja,5,24822.69,10,Cash,111702.1,Mar,HIGH,,,,
ORD1119,31-05-2024,North,Bhubaneswar,Electronics,Mobile,Neha,5,24636.18,15,NetBanking,104703.76,May,HIGH,,,,
ORD1129,22-10-2024,West,Jaipur,Electronics,Mobile,Vikas,5,35881.92,20,Cash,143527.68,Oct,HIGH,,,,
ORD1136,19-06-2024,East,Hyderabad,Electronics,Mobile,Neha,13,26161.18,5,Card,323090.57,Jun,HIGH,,,,
ORD1170,09-01-2024,South,Mumbai,Electronics,Mobile,Rahul,9,39776.16,10,UPI,322186.9,Jan,HIGH,,,,
ORD1173,20-12-2024,South,Bangalore,Electronics,Mobile,Amit,15,31259.77,0,Card,468896.55,Dec,HIGH,,,,
ORD1189,27-11-2024,West,Lucknow,Electronics,Mobile,Neha,2,37307.24,0,NetBanking,74614.48,Nov,MEDUIM,,,,
ORD1207,28-06-2024,West,Chennai,Electronics,Mobile,Priya,12,11875.44,15,UPI,121129.49,Jun,HIGH,,,,
ORD1211,21-01-2024,East,Kolkata,Electronics,Mobile,Arjun,15,3513.69,20,NetBanking,42164.28,Jan,MEDUIM,,,,
ORD1244,22-11-2024,East,Bangalore,Electronics,Mobile,Vikas,5,53742.76,5,UPI,255278.11,Nov,HIGH,,,,
ORD1249,22-07-2024,South,Ahmedabad,Electronics,Mobile,Arjun,9,18071.75,0,UPI,162645.75,Jul,HIGH,,,,
ORD1269,21-08-2024,West,Patna,Electronics,Mobile,Pooja,12,28711.8,10,Cash,310087.44,Aug,HIGH,,,,
ORD1273,07-11-2024,East,Mumbai,Electronics,Mobile,Amit,4,42832.15,20,NetBanking,137062.88,Nov,HIGH,,,,
ORD1276,11-03-2024,North,Delhi,Electronics,Mobile,Priya,11,35666.48,0,Cash,392331.28,Mar,HIGH,,,,
ORD1284,23-06-2024,North,Bangalore,Electronics,Mobile,Rahul,6,45677.64,20,NetBanking,219252.67,Jun,HIGH,,,,
ORD1286,03-12-2024,South,Pune,Electronics,Mobile,Arjun,10,52599.23,0,NetBanking,525992.3,Dec,HIGH,,,,
ORD1305,07-10-2024,East,Ahmedabad,Electronics,Mobile,Rahul,2,16897.08,15,Card,28725.04,Oct,MEDUIM,,,,
ORD1311,18-04-2024,South,Ahmedabad,Electronics,Mobile,Neha,15,2208.77,0,NetBanking,33131.55,Apr,MEDUIM,,,,
ORD1335,05-12-2024,South,Jaipur,Electronics,Mobile,Neha,8,33837.72,20,NetBanking,216561.41,Dec,HIGH,,,,
ORD1376,06-07-2024,South,Pune,Electronics,Mobile,Pooja,6,10638.84,0,Card,63833.04,Jul,MEDUIM,,,,
ORD1402,16-11-2024,East,Lucknow,Electronics,Mobile,Neha,13,6662.33,20,Card,69288.23,Nov,MEDUIM,,,,
ORD1427,18-11-2024,West,Chennai,Electronics,Mobile,Amit,12,36572.78,15,Cash,373042.36,Nov,HIGH,,,,
ORD1437,07-03-2024,West,Jaipur,Electronics,Mobile,Vikas,7,36170.43,15,Cash,215214.06,Mar,HIGH,,,,
ORD1446,30-11-2024,South,Chennai,Electronics,Mobile,Amit,1,26022.84,10,Cash,23420.56,Nov,MEDUIM,,,,
ORD1489,15-04-2024,South,Jaipur,Electronics,Mobile,Vikas,10,49584.38,0,Cash,495843.8,Apr,HIGH,,,,
ORD1497,13-12-2024,East,Lucknow,Electronics,Mobile,Priya,1,53469.58,5,NetBanking,50796.1,Dec,MEDUIM,,,,
ORD1512,01-06-2024,East,Bhubaneswar,Electronics,Mobile,Rahul,14,3684.28,5,Card,49000.92,Jun,MEDUIM,,,,
ORD1513,16-02-2024,North,Patna,Electronics,Mobile,Sneha,4,33070.21,20,NetBanking,105824.67,Feb,HIGH,,,,
ORD1522,24-08-2024,North,Bangalore,Electronics,Mobile,Priya,4,14545.72,20,Cash,46546.3,Aug,MEDUIM,,,,
ORD1540,03-04-2024,South,Mumbai,Electronics,Mobile,Pooja,14,21734.06,0,Cash,304276.84,Apr,HIGH,,,,
ORD1553,18-11-2024,South,Delhi,Electronics,Mobile,Priya,2,47923.65,0,Card,95847.3,Nov,MEDUIM,,,,
ORD1577,02-11-2024,East,Pune,Electronics,Mobile,Vikas,5,46203.93,5,UPI,219468.67,Nov,HIGH,,,,
ORD1580,11-10-2024,East,Chennai,Electronics,Mobile,Priya,15,38367.65,5,UPI,546739.01,Oct,HIGH,,,,
ORD1587,04-08-2024,East,Hyderabad,Electronics,Mobile,Pooja,2,50451.34,0,NetBanking,100902.68,Aug,HIGH,,,,
ORD1621,04-03-2024,South,Chennai,Electronics,Mobile,Neha,9,40831.27,0,Card,367481.43,Mar,HIGH,,,,
ORD1626,03-06-2024,South,Chennai,Electronics,Mobile,Vikas,13,33018.03,0,UPI,429234.39,Jun,HIGH,,,,
ORD1647,07-05-2024,East,Bhubaneswar,Electronics,Mobile,Neha,6,24965.11,15,UPI,127322.06,May,HIGH,,,,
ORD1685,20-03-2024,East,Delhi,Electronics,Mobile,Amit,6,27600.05,20,NetBanking,132480.24,Mar,HIGH,,,,
ORD1703,11-01-2024,North,Pune,Electronics,Mobile,Vikas,2,45495.61,20,Card,72792.98,Jan,MEDUIM,,,,
ORD1704,22-06-2024,South,Jaipur,Electronics,Mobile,Vikas,14,38968.58,0,Cash,545560.12,Jun,HIGH,,,,
ORD1754,07-08-2024,East,Chennai,Electronics,Mobile,Priya,13,10388.14,0,UPI,135045.82,Aug,HIGH,,,,
ORD1761,08-02-2024,South,Lucknow,Electronics,Mobile,Pooja,5,18247.23,10,UPI,82112.54,Feb,MEDUIM,,,,
ORD1773,25-09-2024,East,Kolkata,Electronics,Mobile,Pooja,9,9368.3,0,Cash,84314.7,Sep,MEDUIM,,,,
ORD1788,02-03-2024,South,Hyderabad,Electronics,Mobile,Priya,9,5508.13,0,Cash,49573.17,Mar,MEDUIM,,,,
ORD1795,22-03-2024,West,Jaipur,Electronics,Mobile,Sneha,4,5490.42,0,UPI,21961.68,Mar,MEDUIM,,,,
ORD1805,07-11-2024,North,Hyderabad,Electronics,Mobile,Rahul,14,20990.48,15,NetBanking,249786.71,Nov,HIGH,,,,
ORD1817,09-10-2024,North,Bhubaneswar,Electronics,Mobile,Rahul,6,52440.47,5,Card,298910.68,Oct,HIGH,,,,
ORD1867,09-11-2024,East,Kolkata,Electronics,Mobile,Priya,15,39289.41,15,UPI,500939.98,Nov,HIGH,,,,
ORD1871,14-02-2024,East,Delhi,Electronics,Mobile,Neha,3,17599.07,15,NetBanking,44877.63,Feb,MEDUIM,,,,
ORD1892,20-01-2024,West,Patna,Electronics,Mobile,Priya,3,33592.57,15,Cash,85661.05,Jan,MEDUIM,,,,
ORD1907,12-12-2024,North,Jaipur,Electronics,Mobile,Priya,7,47715.04,5,UPI,317305.02,Dec,HIGH,,,,
ORD1909,23-10-2024,East,Chennai,Electronics,Mobile,Pooja,13,43580.7,15,Card,481566.73,Oct,HIGH,,,,
ORD1964,02-05-2024,West,Delhi,Electronics,Mobile,Neha,6,31990.69,15,NetBanking,163152.52,May,HIGH,,,,
ORD1979,30-07-2024,East,Jaipur,Electronics,Mobile,Rahul,12,9034.16,0,UPI,108409.92,Jul,HIGH,,,,
ORD1990,16-07-2024,North,Lucknow,Electronics,Mobile,Rahul,4,19476.76,10,Cash,70116.34,Jul,MEDUIM,,,,
ORD2010,28-01-2024,West,Delhi,Electronics,Mobile,Vikas,6,46922.53,0,UPI,281535.18,Jan,HIGH,,,,
ORD2051,04-06-2024,West,Kolkata,Electronics,Mobile,Arjun,8,21101.87,10,Cash,151933.46,Jun,HIGH,,,,
ORD2111,11-11-2024,South,Pune,Electronics,Mobile,Neha,12,53874.31,20,Cash,517193.38,Nov,HIGH,,,,
ORD2156,09-05-2024,North,Chennai,Electronics,Mobile,Rahul,13,13587.32,15,NetBanking,150139.89,May,HIGH,,,,
ORD2165,17-11-2024,South,Chennai,Electronics,Mobile,Rahul,13,48433.12,0,NetBanking,629630.56,Nov,HIGH,,,,
ORD2173,16-01-2024,North,Jaipur,Electronics,Mobile,Pooja,2,17872.81,20,UPI,28596.5,Jan,MEDUIM,,,,
ORD1013,08-06-2024,South,Hyderabad,Grocery,Oil,Priya,7,54734.18,15,Cash,325668.37,Jun,HIGH,,,,
ORD1021,10-06-2024,North,Patna,Grocery,Oil,Sneha,15,41402.17,0,Cash,621032.55,Jun,HIGH,,,,
ORD1030,28-12-2024,East,Kolkata,Grocery,Oil,Neha,7,292.68,20,NetBanking,1639.01,Dec,LOW,,,,
ORD1087,20-08-2024,North,Pune,Grocery,Oil,Pooja,7,22996.23,0,UPI,160973.61,Aug,HIGH,,,,
ORD1130,20-08-2024,South,Pune,Grocery,Oil,Neha,2,37936.02,0,Cash,75872.04,Aug,MEDUIM,,,,
ORD1132,22-10-2024,West,Chennai,Grocery,Oil,Pooja,12,17336.78,20,UPI,166433.09,Oct,HIGH,,,,
ORD1146,10-09-2024,West,Lucknow,Grocery,Oil,Priya,3,51526.16,20,Cash,123662.78,Sep,HIGH,,,,
ORD1175,26-06-2024,West,Jaipur,Grocery,Oil,Arjun,1,5553.18,0,Cash,5553.18,Jun,LOW,,,,
ORD1190,04-04-2024,South,Ahmedabad,Grocery,Oil,Arjun,3,35298.24,5,NetBanking,100599.98,Apr,HIGH,,,,
ORD1197,30-11-2024,East,Mumbai,Grocery,Oil,Pooja,13,13764.73,20,UPI,143153.19,Nov,HIGH,,,,
ORD1213,14-02-2024,North,Delhi,Grocery,Oil,Rahul,15,24009.7,5,UPI,342138.22,Feb,HIGH,,,,
ORD1217,10-10-2024,North,Bangalore,Grocery,Oil,Neha,13,50284.33,15,Cash,555641.85,Oct,HIGH,,,,
ORD1226,22-02-2024,North,Lucknow,Grocery,Oil,Arjun,13,43700.77,0,Cash,568110.01,Feb,HIGH,,,,
ORD1245,08-07-2024,West,Patna,Grocery,Oil,Rahul,3,24628.48,0,UPI,73885.44,Jul,MEDUIM,,,,
ORD1250,28-10-2024,West,Hyderabad,Grocery,Oil,Neha,10,41759.08,0,NetBanking,417590.8,Oct,HIGH,,,,
ORD1313,16-10-2024,East,Hyderabad,Grocery,Oil,Pooja,11,47996.29,0,Card,527959.19,Oct,HIGH,,,,
ORD1324,04-07-2024,West,Patna,Grocery,Oil,Vikas,2,8681.87,15,NetBanking,14759.18,Jul,MEDUIM,,,,
ORD1337,23-12-2024,South,Mumbai,Grocery,Oil,Neha,9,25411.87,15,Cash,194400.81,Dec,HIGH,,,,
ORD1339,17-12-2024,South,Hyderabad,Grocery,Oil,Rahul,4,44817.65,15,Card,152380.01,Dec,HIGH,,,,
ORD1345,05-03-2024,North,Bangalore,Grocery,Oil,Priya,12,13057.57,0,UPI,156690.84,Mar,HIGH,,,,
ORD1349,06-06-2024,West,Lucknow,Grocery,Oil,Neha,6,22788.77,0,Cash,136732.62,Jun,HIGH,,,,
ORD1351,26-11-2024,South,Hyderabad,Grocery,Oil,Vikas,7,45597.79,0,Cash,319184.53,Nov,HIGH,,,,
ORD1355,14-07-2024,South,Chennai,Grocery,Oil,Amit,14,891.33,20,Card,9982.9,Jul,LOW,,,,
ORD1371,15-06-2024,North,Jaipur,Grocery,Oil,Vikas,13,26642.82,5,UPI,329038.83,Jun,HIGH,,,,
ORD1398,25-05-2024,East,Hyderabad,Grocery,Oil,Neha,10,36418.67,15,UPI,309558.69,May,HIGH,,,,
ORD1400,30-01-2024,East,Hyderabad,Grocery,Oil,Vikas,2,31510.92,15,NetBanking,53568.56,Jan,MEDUIM,,,,
ORD1440,12-05-2024,East,Lucknow,Grocery,Oil,Rahul,2,2110.38,0,UPI,4220.76,May,LOW,,,,
ORD1461,07-01-2024,North,Jaipur,Grocery,Oil,Pooja,12,40301.89,0,Cash,483622.68,Jan,HIGH,,,,
ORD1476,04-11-2024,East,Pune,Grocery,Oil,Neha,10,28233.26,0,NetBanking,282332.6,Nov,HIGH,,,,
ORD1498,11-09-2024,West,Bhubaneswar,Grocery,Oil,Amit,8,27862.75,10,NetBanking,200611.8,Sep,HIGH,,,,
ORD1500,18-07-2024,East,Bhubaneswar,Grocery,Oil,Pooja,8,42067.81,10,Card,302888.23,Jul,HIGH,,,,
ORD1509,16-12-2024,East,Bangalore,Grocery,Oil,Arjun,13,16655.11,5,Cash,205690.61,Dec,HIGH,,,,
ORD1521,17-12-2024,South,Kolkata,Grocery,Oil,Arjun,10,45506.92,20,Card,364055.36,Dec,HIGH,,,,
ORD1544,25-08-2024,South,Lucknow,Grocery,Oil,Pooja,3,26174.6,0,NetBanking,78523.8,Aug,MEDUIM,,,,
ORD1559,19-01-2024,South,Kolkata,Grocery,Oil,Sneha,9,18530.21,15,UPI,141756.11,Jan,HIGH,,,,
ORD1568,21-11-2024,East,Hyderabad,Grocery,Oil,Arjun,8,41940,15,NetBanking,285192,Nov,HIGH,,,,
ORD1650,03-09-2024,West,Mumbai,Grocery,Oil,Arjun,11,29828.6,0,UPI,328114.6,Sep,HIGH,,,,
ORD1681,20-09-2024,East,Jaipur,Grocery,Oil,Pooja,15,8623.34,0,NetBanking,129350.1,Sep,HIGH,,,,
ORD1687,22-02-2024,North,Ahmedabad,Grocery,Oil,Sneha,12,40229.03,10,UPI,434473.52,Feb,HIGH,,,,
ORD1705,05-10-2024,North,Bangalore,Grocery,Oil,Arjun,12,14856.62,10,Card,160451.5,Oct,HIGH,,,,
ORD1713,17-04-2024,North,Mumbai,Grocery,Oil,Amit,14,12507.38,15,NetBanking,148837.82,Apr,HIGH,,,,
ORD1715,12-03-2024,North,Chennai,Grocery,Oil,Amit,12,29104.26,0,Cash,349251.12,Mar,HIGH,,,,
ORD1731,12-01-2024,South,Delhi,Grocery,Oil,Priya,13,37665.19,0,Cash,489647.47,Jan,HIGH,,,,
ORD1735,23-10-2024,South,Ahmedabad,Grocery,Oil,Arjun,2,2199.43,15,Card,3739.03,Oct,LOW,,,,
ORD1763,31-05-2024,South,Lucknow,Grocery,Oil,Priya,12,4737.13,10,UPI,51161,May,MEDUIM,,,,
ORD1765,22-04-2024,North,Delhi,Grocery,Oil,Vikas,15,20127.68,5,NetBanking,286819.44,Apr,HIGH,,,,
ORD1768,25-07-2024,North,Kolkata,Grocery,Oil,Sneha,3,32753.89,10,UPI,88435.5,Jul,MEDUIM,,,,
ORD1806,01-03-2024,North,Lucknow,Grocery,Oil,Priya,15,33937.8,0,UPI,509067,Mar,HIGH,,,,
ORD1829,28-10-2024,South,Hyderabad,Grocery,Oil,Pooja,15,45141.81,10,NetBanking,609414.43,Oct,HIGH,,,,
ORD1848,05-08-2024,North,Patna,Grocery,Oil,Pooja,9,40942.89,0,NetBanking,368486.01,Aug,HIGH,,,,
ORD1878,10-07-2024,West,Bhubaneswar,Grocery,Oil,Priya,10,18715.73,15,NetBanking,159083.7,Jul,HIGH,,,,
ORD1900,04-03-2024,West,Ahmedabad,Grocery,Oil,Arjun,2,21887.08,0,NetBanking,43774.16,Mar,MEDUIM,,,,
ORD1906,31-03-2024,North,Mumbai,Grocery,Oil,Sneha,8,27611.78,0,NetBanking,220894.24,Mar,HIGH,,,,
ORD1917,03-04-2024,North,Chennai,Grocery,Oil,Vikas,12,51511.07,20,Cash,494506.27,Apr,HIGH,,,,
ORD1920,08-05-2024,East,Mumbai,Grocery,Oil,Vikas,13,22512.85,0,Cash,292667.05,May,HIGH,,,,
ORD1929,30-07-2024,South,Lucknow,Grocery,Oil,Neha,14,8517.14,0,Cash,119239.96,Jul,HIGH,,,,
ORD1943,30-03-2024,South,Mumbai,Grocery,Oil,Priya,15,28619.26,0,Card,429288.9,Mar,HIGH,,,,
ORD1959,06-01-2024,South,Patna,Grocery,Oil,Pooja,11,6627.6,0,Cash,72903.6,Jan,MEDUIM,,,,
ORD1963,16-05-2024,North,Ahmedabad,Grocery,Oil,Arjun,2,54852.18,20,UPI,87763.49,May,MEDUIM,,,,
ORD1972,25-04-2024,West,Bangalore,Grocery,Oil,Pooja,8,35704.65,0,NetBanking,285637.2,Apr,HIGH,,,,
ORD1973,22-09-2024,East,Mumbai,Grocery,Oil,Neha,10,22099,10,Cash,198891,Sep,HIGH,,,,
ORD1992,03-01-2024,South,Lucknow,Grocery,Oil,Sneha,15,13373.23,20,Cash,160478.76,Jan,HIGH,,,,
ORD1995,22-11-2024,East,Bangalore,Grocery,Oil,Vikas,2,6517.26,20,NetBanking,10427.62,Nov,MEDUIM,,,,
ORD1998,22-01-2024,South,Ahmedabad,Grocery,Oil,Amit,11,51362.13,20,Card,451986.74,Jan,HIGH,,,,
ORD2012,23-05-2024,West,Ahmedabad,Grocery,Oil,Amit,12,46670.11,0,Card,560041.32,May,HIGH,,,,
ORD2056,05-07-2024,South,Lucknow,Grocery,Oil,Rahul,2,32973.09,5,Cash,62648.87,Jul,MEDUIM,,,,
ORD2070,03-06-2024,South,Mumbai,Grocery,Oil,Priya,3,12443.56,20,UPI,29864.54,Jun,MEDUIM,,,,
ORD2080,16-02-2024,East,Pune,Grocery,Oil,Vikas,12,27034.22,0,Cash,324410.64,Feb,HIGH,,,,
ORD2092,21-04-2024,West,Mumbai,Grocery,Oil,Pooja,6,19558.95,0,UPI,117353.7,Apr,HIGH,,,,
ORD2099,28-08-2024,South,Bangalore,Grocery,Oil,Sneha,3,46590.23,0,NetBanking,139770.69,Aug,HIGH,,,,
ORD2133,24-03-2024,North,Mumbai,Grocery,Oil,Rahul,6,5548.72,0,UPI,33292.32,Mar,MEDUIM,,,,
ORD2147,18-04-2024,North,Lucknow,Grocery,Oil,Arjun,10,36745.15,0,Cash,367451.5,Apr,HIGH,,,,
ORD2155,17-05-2024,South,Bangalore,Grocery,Oil,Arjun,12,20521.71,0,UPI,246260.52,May,HIGH,,,,
ORD2159,26-04-2024,North,Patna,Grocery,Oil,Amit,7,52671.1,0,Card,368697.7,Apr,HIGH,,,,
ORD2170,02-04-2024,North,Jaipur,Grocery,Oil,Priya,9,48193.79,20,Card,346995.29,Apr,HIGH,,,,
ORD2184,05-10-2024,East,Patna,Grocery,Oil,Arjun,11,10445.15,0,Cash,114896.65,Oct,HIGH,,,,
ORD2197,13-06-2024,West,Mumbai,Grocery,Oil,Arjun,12,11864.37,0,Card,142372.44,Jun,HIGH,,,,
ORD1004,12-11-2024,East,Bhubaneswar,Grocery,Rice,Priya,15,47421.54,10,Card,640190.79,Nov,HIGH,,,,
ORD1041,07-08-2024,North,Jaipur,Grocery,Rice,Arjun,3,47703.45,0,Cash,143110.35,Aug,HIGH,,,,
ORD1080,27-07-2024,East,Ahmedabad,Grocery,Rice,Neha,5,1992.85,0,Cash,9964.25,Jul,LOW,,,,
ORD1085,24-07-2024,East,Lucknow,Grocery,Rice,Rahul,7,37798.14,5,UPI,251357.63,Jul,HIGH,,,,
ORD1101,29-11-2024,South,Ahmedabad,Grocery,Rice,Neha,4,17819.67,5,UPI,67714.75,Nov,MEDUIM,,,,
ORD1112,03-06-2024,East,Kolkata,Grocery,Rice,Pooja,2,2816.67,5,UPI,5351.67,Jun,LOW,,,,
ORD1116,23-01-2024,East,Kolkata,Grocery,Rice,Pooja,13,11130.95,0,Cash,144702.35,Jan,HIGH,,,,
ORD1179,17-07-2024,East,Patna,Grocery,Rice,Arjun,13,4841.53,10,Card,56645.9,Jul,MEDUIM,,,,
ORD1205,19-04-2024,North,Delhi,Grocery,Rice,Priya,8,4471.04,10,NetBanking,32191.49,Apr,MEDUIM,,,,
ORD1222,09-03-2024,East,Jaipur,Grocery,Rice,Vikas,11,45133.97,0,Cash,496473.67,Mar,HIGH,,,,
ORD1228,09-08-2024,South,Hyderabad,Grocery,Rice,Rahul,14,39898.81,5,Cash,530654.17,Aug,HIGH,,,,
ORD1267,10-08-2024,North,Hyderabad,Grocery,Rice,Neha,11,23731.65,5,UPI,247995.74,Aug,HIGH,,,,
ORD1310,06-11-2024,West,Hyderabad,Grocery,Rice,Priya,2,46330.26,20,UPI,74128.42,Nov,MEDUIM,,,,
ORD1340,12-09-2024,South,Chennai,Grocery,Rice,Vikas,3,54756.79,20,UPI,131416.3,Sep,HIGH,,,,
ORD1341,20-04-2024,North,Bangalore,Grocery,Rice,Vikas,14,14135.07,20,Cash,158312.78,Apr,HIGH,,,,
ORD1343,26-05-2024,East,Ahmedabad,Grocery,Rice,Arjun,8,34817.83,0,UPI,278542.64,May,HIGH,,,,
ORD1350,02-06-2024,South,Pune,Grocery,Rice,Arjun,1,42169.63,20,NetBanking,33735.7,Jun,MEDUIM,,,,
ORD1356,18-07-2024,South,Chennai,Grocery,Rice,Priya,11,52874.52,0,Cash,581619.72,Jul,HIGH,,,,
ORD1372,27-06-2024,North,Lucknow,Grocery,Rice,Amit,15,44979.37,5,NetBanking,640956.02,Jun,HIGH,,,,
ORD1377,16-12-2024,North,Bangalore,Grocery,Rice,Rahul,6,8748.32,15,Cash,44616.43,Dec,MEDUIM,,,,
ORD1390,21-08-2024,West,Lucknow,Grocery,Rice,Amit,14,48301.63,0,Card,676222.82,Aug,HIGH,,,,
ORD1394,16-10-2024,South,Chennai,Grocery,Rice,Vikas,14,36342.26,0,Cash,508791.64,Oct,HIGH,,,,
ORD1405,13-12-2024,North,Bhubaneswar,Grocery,Rice,Neha,6,30623.71,0,UPI,183742.26,Dec,HIGH,,,,
ORD1410,03-12-2024,North,Jaipur,Grocery,Rice,Vikas,12,17323.95,10,Cash,187098.66,Dec,HIGH,,,,
ORD1413,19-07-2024,South,Lucknow,Grocery,Rice,Neha,3,38816.33,10,Card,104804.09,Jul,HIGH,,,,
ORD1419,01-11-2024,East,Jaipur,Grocery,Rice,Amit,13,45128.64,0,Card,586672.32,Nov,HIGH,,,,
ORD1438,06-08-2024,North,Pune,Grocery,Rice,Amit,12,49705.85,20,NetBanking,477176.16,Aug,HIGH,,,,
ORD1444,07-04-2024,North,Ahmedabad,Grocery,Rice,Vikas,3,2156.27,0,NetBanking,6468.81,Apr,LOW,,,,
ORD1445,29-01-2024,South,Lucknow,Grocery,Rice,Rahul,6,43370.26,0,Card,260221.56,Jan,HIGH,,,,
ORD1455,15-08-2024,West,Delhi,Grocery,Rice,Neha,10,31970.95,5,Card,303724.02,Aug,HIGH,,,,
ORD1479,23-11-2024,North,Lucknow,Grocery,Rice,Rahul,15,15178.42,0,NetBanking,227676.3,Nov,HIGH,,,,
ORD1486,09-01-2024,North,Delhi,Grocery,Rice,Neha,8,19281.9,15,Card,131116.92,Jan,HIGH,,,,
ORD1492,26-08-2024,East,Kolkata,Grocery,Rice,Neha,2,28681.07,5,NetBanking,54494.03,Aug,MEDUIM,,,,
ORD1504,19-10-2024,West,Patna,Grocery,Rice,Neha,7,17868.69,0,Card,125080.83,Oct,HIGH,,,,
ORD1511,19-05-2024,East,Bangalore,Grocery,Rice,Pooja,3,1796.97,20,UPI,4312.73,May,LOW,,,,
ORD1581,03-11-2024,North,Patna,Grocery,Rice,Sneha,6,21393.96,20,NetBanking,102691.01,Nov,HIGH,,,,
ORD1613,06-01-2024,South,Bhubaneswar,Grocery,Rice,Priya,3,18107.11,5,NetBanking,51605.26,Jan,MEDUIM,,,,
ORD1619,21-12-2024,West,Jaipur,Grocery,Rice,Vikas,11,41285.54,5,UPI,431433.89,Dec,HIGH,,,,
ORD1634,12-02-2024,West,Pune,Grocery,Rice,Pooja,13,49873.85,0,Cash,648360.05,Feb,HIGH,,,,
ORD1638,27-12-2024,North,Bhubaneswar,Grocery,Rice,Vikas,11,1748.43,15,Card,16347.82,Dec,MEDUIM,,,,
ORD1644,24-06-2024,North,Kolkata,Grocery,Rice,Amit,1,32293.42,5,UPI,30678.75,Jun,MEDUIM,,,,
ORD1654,29-10-2024,North,Kolkata,Grocery,Rice,Rahul,9,10604.2,5,Card,90665.91,Oct,MEDUIM,,,,
ORD1693,12-11-2024,East,Jaipur,Grocery,Rice,Sneha,6,16720.91,5,NetBanking,95309.19,Nov,MEDUIM,,,,
ORD1722,18-03-2024,South,Kolkata,Grocery,Rice,Rahul,11,25578.22,15,Card,239156.36,Mar,HIGH,,,,
ORD1724,07-06-2024,East,Delhi,Grocery,Rice,Vikas,9,47740.85,20,Card,343734.12,Jun,HIGH,,,,
ORD1764,09-12-2024,North,Bangalore,Grocery,Rice,Neha,4,25854.64,5,Cash,98247.63,Dec,MEDUIM,,,,
ORD1791,05-08-2024,West,Pune,Grocery,Rice,Pooja,3,1732.79,5,UPI,4938.45,Aug,LOW,,,,
ORD1800,21-09-2024,North,Delhi,Grocery,Rice,Vikas,5,5730.03,5,Cash,27217.64,Sep,MEDUIM,,,,
ORD1811,18-01-2024,West,Lucknow,Grocery,Rice,Arjun,5,15432.61,5,NetBanking,73304.9,Jan,MEDUIM,,,,
ORD1822,28-11-2024,East,Chennai,Grocery,Rice,Priya,2,52543.83,0,UPI,105087.66,Nov,HIGH,,,,
ORD1834,24-05-2024,East,Kolkata,Grocery,Rice,Priya,10,23572.34,5,NetBanking,223937.23,May,HIGH,,,,
ORD1857,01-04-2024,South,Patna,Grocery,Rice,Neha,3,25983.04,0,UPI,77949.12,Apr,MEDUIM,,,,
ORD1868,05-10-2024,West,Kolkata,Grocery,Rice,Neha,5,54090.51,0,Card,270452.55,Oct,HIGH,,,,
ORD1885,30-11-2024,North,Patna,Grocery,Rice,Arjun,3,23528.98,0,Card,70586.94,Nov,MEDUIM,,,,
ORD1887,09-12-2024,East,Ahmedabad,Grocery,Rice,Pooja,7,23350.65,0,Cash,163454.55,Dec,HIGH,,,,
ORD1897,12-06-2024,North,Patna,Grocery,Rice,Arjun,6,45280.05,0,Cash,271680.3,Jun,HIGH,,,,
ORD1898,06-09-2024,South,Jaipur,Grocery,Rice,Neha,9,54175.11,0,NetBanking,487575.99,Sep,HIGH,,,,
ORD1899,26-10-2024,West,Hyderabad,Grocery,Rice,Pooja,3,34409.73,10,Card,92906.27,Oct,MEDUIM,,,,
ORD1938,15-08-2024,North,Mumbai,Grocery,Rice,Arjun,14,40968.04,15,UPI,487519.68,Aug,HIGH,,,,
ORD1953,30-12-2024,South,Jaipur,Grocery,Rice,Rahul,5,7121.2,0,NetBanking,35606,Dec,MEDUIM,,,,
ORD1965,09-08-2024,East,Ahmedabad,Grocery,Rice,Arjun,11,49962.86,0,UPI,549591.46,Aug,HIGH,,,,
ORD1971,18-10-2024,South,Bhubaneswar,Grocery,Rice,Vikas,2,17946.23,0,UPI,35892.46,Oct,MEDUIM,,,,
ORD1980,18-02-2024,East,Kolkata,Grocery,Rice,Neha,7,31655.36,15,Card,188349.39,Feb,HIGH,,,,
ORD1982,06-11-2024,East,Kolkata,Grocery,Rice,Amit,1,54014.15,0,UPI,54014.15,Nov,MEDUIM,,,,
ORD1993,02-11-2024,North,Bangalore,Grocery,Rice,Vikas,4,34272.65,0,Card,137090.6,Nov,HIGH,,,,
ORD2001,13-06-2024,North,Hyderabad,Grocery,Rice,Arjun,6,2305.97,0,UPI,13835.82,Jun,MEDUIM,,,,
ORD2041,18-03-2024,West,Delhi,Grocery,Rice,Arjun,2,28848.38,15,Cash,49042.25,Mar,MEDUIM,,,,
ORD2049,09-05-2024,South,Hyderabad,Grocery,Rice,Arjun,4,28208.25,0,Cash,112833,May,HIGH,,,,
ORD2058,19-06-2024,South,Kolkata,Grocery,Rice,Neha,15,19855.04,5,Card,282934.32,Jun,HIGH,,,,
ORD2061,25-11-2024,East,Hyderabad,Grocery,Rice,Priya,8,8732.42,15,NetBanking,59380.46,Nov,MEDUIM,,,,
ORD2067,09-10-2024,West,Patna,Grocery,Rice,Amit,13,38781.4,5,NetBanking,478950.29,Oct,HIGH,,,,
ORD2074,13-04-2024,South,Delhi,Grocery,Rice,Priya,3,16658.8,15,Cash,42479.94,Apr,MEDUIM,,,,
ORD2106,09-04-2024,North,Patna,Grocery,Rice,Amit,5,50724.79,0,UPI,253623.95,Apr,HIGH,,,,
ORD2123,19-07-2024,West,Kolkata,Grocery,Rice,Pooja,4,19110.69,0,NetBanking,76442.76,Jul,MEDUIM,,,,
ORD2145,26-07-2024,West,Pune,Grocery,Rice,Rahul,9,6057.62,0,Card,54518.58,Jul,MEDUIM,,,,
ORD2153,25-05-2024,South,Kolkata,Grocery,Rice,Neha,5,9902.89,20,Cash,39611.56,May,MEDUIM,,,,
ORD2166,18-01-2024,South,Chennai,Grocery,Rice,Rahul,9,9795.25,20,NetBanking,70525.8,Jan,MEDUIM,,,,
ORD2190,16-04-2024,East,Delhi,Grocery,Rice,Rahul,14,1656,20,UPI,18547.2,Apr,MEDUIM,,,,
ORD2195,11-01-2024,West,Bhubaneswar,Grocery,Rice,Amit,13,43603.36,0,UPI,566843.68,Jan,HIGH,,,,
ORD2198,05-09-2024,East,Ahmedabad,Grocery,Rice,Vikas,7,42015.25,15,UPI,249990.74,Sep,HIGH,,,,
ORD1046,31-03-2024,North,Chennai,Clothing,Saree,Arjun,12,28791.72,15,Cash,293675.54,Mar,HIGH,,,,
ORD1058,03-10-2024,North,Bhubaneswar,Clothing,Saree,Priya,8,24189.19,10,Card,174162.17,Oct,HIGH,,,,
ORD1060,09-12-2024,East,Patna,Clothing,Saree,Amit,2,47203.77,0,NetBanking,94407.54,Dec,MEDUIM,,,,
ORD1062,14-04-2024,West,Mumbai,Clothing,Saree,Sneha,5,30297.24,0,Card,151486.2,Apr,HIGH,,,,
ORD1075,05-07-2024,West,Jaipur,Clothing,Saree,Neha,12,7401.37,0,Cash,88816.44,Jul,MEDUIM,,,,
ORD1089,03-11-2024,South,Lucknow,Clothing,Saree,Neha,5,19470.21,10,Cash,87615.94,Nov,MEDUIM,,,,
ORD1108,14-07-2024,East,Pune,Clothing,Saree,Pooja,9,29104.8,0,Cash,261943.2,Jul,HIGH,,,,
ORD1123,26-05-2024,North,Hyderabad,Clothing,Saree,Pooja,12,50423.04,5,UPI,574822.66,May,HIGH,,,,
ORD1126,29-07-2024,West,Ahmedabad,Clothing,Saree,Neha,13,22636.96,10,Card,264852.43,Jul,HIGH,,,,
ORD1131,20-09-2024,South,Chennai,Clothing,Saree,Vikas,9,6018.88,0,NetBanking,54169.92,Sep,MEDUIM,,,,
ORD1143,02-09-2024,South,Bhubaneswar,Clothing,Saree,Sneha,4,11273.33,10,Card,40583.99,Sep,MEDUIM,,,,
ORD1147,15-09-2024,South,Mumbai,Clothing,Saree,Rahul,8,15151.47,20,UPI,96969.41,Sep,MEDUIM,,,,
ORD1163,06-04-2024,North,Delhi,Clothing,Saree,Vikas,13,41940.96,15,UPI,463447.61,Apr,HIGH,,,,
ORD1166,23-04-2024,South,Jaipur,Clothing,Saree,Sneha,12,8196.56,0,Cash,98358.72,Apr,MEDUIM,,,,
ORD1187,28-10-2024,East,Ahmedabad,Clothing,Saree,Priya,12,27625.52,0,UPI,331506.24,Oct,HIGH,,,,
ORD1192,17-07-2024,North,Bhubaneswar,Clothing,Saree,Vikas,10,21711.41,0,UPI,217114.1,Jul,HIGH,,,,
ORD1223,19-08-2024,North,Patna,Clothing,Saree,Pooja,5,13001.9,0,NetBanking,65009.5,Aug,MEDUIM,,,,
ORD1224,02-07-2024,South,Jaipur,Clothing,Saree,Vikas,13,11578.47,0,UPI,150520.11,Jul,HIGH,,,,
ORD1229,10-11-2024,South,Bangalore,Clothing,Saree,Vikas,10,34010.35,15,NetBanking,289087.97,Nov,HIGH,,,,
ORD1251,07-11-2024,West,Ahmedabad,Clothing,Saree,Arjun,8,2253.12,0,Cash,18024.96,Nov,MEDUIM,,,,
ORD1256,30-08-2024,South,Mumbai,Clothing,Saree,Vikas,10,30413.09,0,UPI,304130.9,Aug,HIGH,,,,
ORD1290,30-09-2024,East,Ahmedabad,Clothing,Saree,Amit,5,48285.75,5,Card,229357.31,Sep,HIGH,,,,
ORD1294,08-02-2024,East,Hyderabad,Clothing,Saree,Rahul,3,52943.64,15,Card,135006.28,Feb,HIGH,,,,
ORD1308,11-11-2024,South,Pune,Clothing,Saree,Rahul,11,16951.02,10,UPI,167815.1,Nov,HIGH,,,,
ORD1336,23-05-2024,West,Hyderabad,Clothing,Saree,Amit,7,12370.68,10,Cash,77935.28,May,MEDUIM,,,,
ORD1348,03-10-2024,North,Hyderabad,Clothing,Saree,Vikas,3,32577.53,5,Cash,92845.96,Oct,MEDUIM,,,,
ORD1352,03-04-2024,North,Bangalore,Clothing,Saree,Neha,3,16069.82,15,UPI,40978.04,Apr,MEDUIM,,,,
ORD1361,10-10-2024,South,Bhubaneswar,Clothing,Saree,Arjun,3,3974.44,0,Card,11923.32,Oct,MEDUIM,,,,
ORD1386,14-08-2024,South,Pune,Clothing,Saree,Rahul,12,51370.52,15,UPI,523979.3,Aug,HIGH,,,,
ORD1391,26-05-2024,South,Pune,Clothing,Saree,Pooja,8,9323.47,0,UPI,74587.76,May,MEDUIM,,,,
ORD1411,17-03-2024,South,Lucknow,Clothing,Saree,Neha,3,15195.3,0,Cash,45585.9,Mar,MEDUIM,,,,
ORD1433,15-12-2024,North,Chennai,Clothing,Saree,Pooja,12,21575.86,0,NetBanking,258910.32,Dec,HIGH,,,,
ORD1452,30-04-2024,North,Jaipur,Clothing,Saree,Sneha,4,6639.43,10,NetBanking,23901.95,Apr,MEDUIM,,,,
ORD1466,02-02-2024,South,Kolkata,Clothing,Saree,Vikas,6,19118.42,5,NetBanking,108974.99,Feb,HIGH,,,,
ORD1480,26-10-2024,South,Lucknow,Clothing,Saree,Pooja,5,27276.71,15,UPI,115926.02,Oct,HIGH,,,,
ORD1481,18-12-2024,West,Chennai,Clothing,Saree,Neha,11,13612.31,0,NetBanking,149735.41,Dec,HIGH,,,,
ORD1496,18-09-2024,North,Pune,Clothing,Saree,Rahul,5,8276.1,5,UPI,39311.47,Sep,MEDUIM,,,,
ORD1516,24-12-2024,South,Bhubaneswar,Clothing,Saree,Arjun,6,49693.01,15,Cash,253434.35,Dec,HIGH,,,,
ORD1519,21-12-2024,North,Patna,Clothing,Saree,Arjun,1,41956.25,15,Card,35662.81,Dec,MEDUIM,,,,
ORD1527,09-12-2024,East,Patna,Clothing,Saree,Neha,6,7446.66,10,NetBanking,40211.96,Dec,MEDUIM,,,,
ORD1531,27-02-2024,South,Pune,Clothing,Saree,Rahul,14,39643.07,0,Cash,555002.98,Feb,HIGH,,,,
ORD1536,07-06-2024,West,Ahmedabad,Clothing,Saree,Pooja,15,37735.91,0,NetBanking,566038.65,Jun,HIGH,,,,
ORD1549,30-11-2024,South,Ahmedabad,Clothing,Saree,Priya,12,19942.01,5,NetBanking,227338.91,Nov,HIGH,,,,
ORD1572,28-02-2024,South,Kolkata,Clothing,Saree,Arjun,2,29889.5,0,Card,59779,Feb,MEDUIM,,,,
ORD1579,05-12-2024,South,Kolkata,Clothing,Saree,Amit,6,18921.31,5,NetBanking,107851.47,Dec,HIGH,,,,
ORD1590,12-12-2024,West,Delhi,Clothing,Saree,Amit,1,30847.34,0,NetBanking,30847.34,Dec,MEDUIM,,,,
ORD1593,25-10-2024,North,Patna,Clothing,Saree,Amit,15,29854.68,0,Card,447820.2,Oct,HIGH,,,,
ORD1603,22-04-2024,South,Delhi,Clothing,Saree,Rahul,15,11324.43,20,Cash,135893.16,Apr,HIGH,,,,
ORD1627,30-03-2024,South,Chennai,Clothing,Saree,Pooja,11,41942.05,15,NetBanking,392158.17,Mar,HIGH,,,,
ORD1633,03-09-2024,West,Chennai,Clothing,Saree,Arjun,2,52315.52,0,Card,104631.04,Sep,HIGH,,,,
ORD1721,25-12-2024,East,Kolkata,Clothing,Saree,Amit,11,5536.42,5,NetBanking,57855.59,Dec,MEDUIM,,,,
ORD1723,28-05-2024,North,Chennai,Clothing,Saree,Priya,6,34366.2,5,Card,195887.34,May,HIGH,,,,
ORD1728,23-07-2024,North,Hyderabad,Clothing,Saree,Pooja,14,4199.23,5,UPI,55849.76,Jul,MEDUIM,,,,
ORD1730,20-03-2024,North,Jaipur,Clothing,Saree,Neha,8,8174.16,0,NetBanking,65393.28,Mar,MEDUIM,,,,
ORD1751,19-09-2024,South,Pune,Clothing,Saree,Arjun,7,50744.68,0,UPI,355212.76,Sep,HIGH,,,,
ORD1757,11-01-2024,North,Hyderabad,Clothing,Saree,Arjun,5,1177.43,20,UPI,4709.72,Jan,LOW,,,,
ORD1774,22-08-2024,South,Patna,Clothing,Saree,Pooja,1,45560.67,0,UPI,45560.67,Aug,MEDUIM,,,,
ORD1783,11-08-2024,West,Chennai,Clothing,Saree,Neha,2,7795.82,5,NetBanking,14812.06,Aug,MEDUIM,,,,
ORD1814,17-10-2024,South,Ahmedabad,Clothing,Saree,Amit,13,28636.42,0,Cash,372273.46,Oct,HIGH,,,,
ORD1830,28-10-2024,East,Hyderabad,Clothing,Saree,Arjun,5,51973.29,0,Cash,259866.45,Oct,HIGH,,,,
ORD1831,14-03-2024,South,Kolkata,Clothing,Saree,Neha,1,44806.5,15,UPI,38085.53,Mar,MEDUIM,,,,
ORD1843,21-11-2024,North,Chennai,Clothing,Saree,Priya,14,2700.44,5,Cash,35915.85,Nov,MEDUIM,,,,
ORD1859,04-10-2024,East,Bhubaneswar,Clothing,Saree,Priya,11,36333.34,0,Card,399666.74,Oct,HIGH,,,,
ORD1874,26-10-2024,North,Bangalore,Clothing,Saree,Vikas,7,8732.59,10,Card,55015.32,Oct,MEDUIM,,,,
ORD1893,04-04-2024,North,Mumbai,Clothing,Saree,Sneha,12,14275.82,15,Cash,145613.36,Apr,HIGH,,,,
ORD1949,15-03-2024,North,Bhubaneswar,Clothing,Saree,Sneha,10,40555.29,20,Card,324442.32,Mar,HIGH,,,,
ORD1983,17-10-2024,East,Kolkata,Clothing,Saree,Sneha,10,20741.01,0,Cash,207410.1,Oct,HIGH,,,,
ORD1989,23-12-2024,North,Bhubaneswar,Clothing,Saree,Rahul,1,29109.75,0,Cash,29109.75,Dec,MEDUIM,,,,
ORD1994,30-07-2024,South,Lucknow,Clothing,Saree,Arjun,7,15439.15,0,UPI,108074.05,Jul,HIGH,,,,
ORD2000,05-02-2024,South,Lucknow,Clothing,Saree,Priya,14,13668.53,10,UPI,172223.48,Feb,HIGH,,,,
ORD2033,23-06-2024,West,Bhubaneswar,Clothing,Saree,Sneha,10,43701.23,15,Card,371460.46,Jun,HIGH,,,,
ORD2038,16-11-2024,South,Chennai,Clothing,Saree,Sneha,7,30628.49,10,NetBanking,192959.49,Nov,HIGH,,,,
ORD2040,09-11-2024,North,Chennai,Clothing,Saree,Amit,14,41877.13,15,Card,498337.85,Nov,HIGH,,,,
ORD2057,24-07-2024,East,Hyderabad,Clothing,Saree,Arjun,6,25818.13,0,Cash,154908.78,Jul,HIGH,,,,
ORD2077,22-01-2024,South,Lucknow,Clothing,Saree,Sneha,14,17762.72,5,Card,236244.18,Jan,HIGH,,,,
ORD2097,30-04-2024,South,Mumbai,Clothing,Saree,Rahul,1,44463.53,0,UPI,44463.53,Apr,MEDUIM,,,,
ORD2128,19-06-2024,West,Lucknow,Clothing,Saree,Pooja,1,22522.03,15,Card,19143.73,Jun,MEDUIM,,,,
ORD2182,11-01-2024,North,Kolkata,Clothing,Saree,Sneha,4,48393.65,20,UPI,154859.68,Jan,HIGH,,,,
ORD1005,21-11-2024,West,Patna,Electronics,Smartwatch,Priya,14,20192.8,0,Card,282699.2,Nov,HIGH,,,,
ORD1009,27-08-2024,West,Ahmedabad,Electronics,Smartwatch,Vikas,9,13977.49,10,Cash,113217.67,Aug,HIGH,,,,
ORD1016,07-05-2024,North,Kolkata,Electronics,Smartwatch,Priya,4,10623.45,5,NetBanking,40369.11,May,MEDUIM,,,,
ORD1077,01-10-2024,North,Lucknow,Electronics,Smartwatch,Neha,2,25122.27,15,UPI,42707.86,Oct,MEDUIM,,,,
ORD1095,07-03-2024,North,Mumbai,Electronics,Smartwatch,Amit,7,29385.51,0,NetBanking,205698.57,Mar,HIGH,,,,
ORD1096,21-10-2024,West,Lucknow,Electronics,Smartwatch,Rahul,7,31622.3,15,NetBanking,188152.68,Oct,HIGH,,,,
ORD1105,04-07-2024,North,Kolkata,Electronics,Smartwatch,Rahul,5,10078.41,0,UPI,50392.05,Jul,MEDUIM,,,,
ORD1107,01-05-2024,West,Bhubaneswar,Electronics,Smartwatch,Pooja,8,33660.63,20,Card,215428.03,May,HIGH,,,,
ORD1110,14-09-2024,East,Lucknow,Electronics,Smartwatch,Neha,6,13120.64,0,Card,78723.84,Sep,MEDUIM,,,,
ORD1133,20-04-2024,South,Mumbai,Electronics,Smartwatch,Vikas,10,19538.65,0,UPI,195386.5,Apr,HIGH,,,,
ORD1134,06-07-2024,North,Chennai,Electronics,Smartwatch,Priya,13,22298.32,0,NetBanking,289878.16,Jul,HIGH,,,,
ORD1138,23-10-2024,North,Bhubaneswar,Electronics,Smartwatch,Arjun,10,12669.37,0,Card,126693.7,Oct,HIGH,,,,
ORD1152,15-10-2024,North,Kolkata,Electronics,Smartwatch,Pooja,2,3584.34,10,UPI,6451.81,Oct,LOW,,,,
ORD1169,28-04-2024,West,Hyderabad,Electronics,Smartwatch,Pooja,2,38952.89,0,NetBanking,77905.78,Apr,MEDUIM,,,,
ORD1242,10-08-2024,North,Hyderabad,Electronics,Smartwatch,Vikas,3,3134.85,0,Cash,9404.55,Aug,LOW,,,,
ORD1263,12-05-2024,West,Hyderabad,Electronics,Smartwatch,Sneha,12,44497.24,20,Cash,427173.5,May,HIGH,,,,
ORD1280,26-06-2024,South,Chennai,Electronics,Smartwatch,Amit,11,37261,5,Card,389377.45,Jun,HIGH,,,,
ORD1342,13-12-2024,West,Lucknow,Electronics,Smartwatch,Neha,10,11102.9,10,NetBanking,99926.1,Dec,MEDUIM,,,,
ORD1346,22-07-2024,East,Delhi,Electronics,Smartwatch,Arjun,9,42121.8,0,Cash,379096.2,Jul,HIGH,,,,
ORD1360,09-03-2024,East,Bhubaneswar,Electronics,Smartwatch,Rahul,5,49446.73,5,Cash,234871.97,Mar,HIGH,,,,
ORD1364,15-11-2024,North,Ahmedabad,Electronics,Smartwatch,Sneha,12,32548.49,0,NetBanking,390581.88,Nov,HIGH,,,,
ORD1365,12-10-2024,South,Lucknow,Electronics,Smartwatch,Amit,12,51615.76,5,UPI,588419.66,Oct,HIGH,,,,
ORD1379,28-03-2024,North,Lucknow,Electronics,Smartwatch,Priya,1,15763.94,20,NetBanking,12611.15,Mar,MEDUIM,,,,
ORD1414,23-12-2024,West,Bangalore,Electronics,Smartwatch,Sneha,8,5530.01,0,Card,44240.08,Dec,MEDUIM,,,,
ORD1426,24-10-2024,South,Kolkata,Electronics,Smartwatch,Vikas,8,52903.23,0,NetBanking,423225.84,Oct,HIGH,,,,
ORD1428,28-08-2024,South,Ahmedabad,Electronics,Smartwatch,Vikas,10,40413.04,5,Cash,383923.88,Aug,HIGH,,,,
ORD1429,27-01-2024,East,Hyderabad,Electronics,Smartwatch,Priya,11,54471.99,20,Cash,479353.51,Jan,HIGH,,,,
ORD1436,23-02-2024,North,Jaipur,Electronics,Smartwatch,Amit,11,24637.63,0,Card,271013.93,Feb,HIGH,,,,
ORD1441,24-12-2024,West,Kolkata,Electronics,Smartwatch,Arjun,6,49773.04,10,UPI,268774.42,Dec,HIGH,,,,
ORD1447,02-02-2024,North,Hyderabad,Electronics,Smartwatch,Arjun,14,44997.38,0,Cash,629963.32,Feb,HIGH,,,,
ORD1450,04-01-2024,East,Delhi,Electronics,Smartwatch,Pooja,3,50952.31,15,Card,129928.39,Jan,HIGH,,,,
ORD1460,28-08-2024,North,Delhi,Electronics,Smartwatch,Priya,12,42319.63,0,NetBanking,507835.56,Aug,HIGH,,,,
ORD1488,10-04-2024,North,Mumbai,Electronics,Smartwatch,Priya,2,1997.04,15,Cash,3394.97,Apr,LOW,,,,
ORD1493,03-11-2024,South,Patna,Electronics,Smartwatch,Sneha,12,17297.98,20,UPI,166060.61,Nov,HIGH,,,,
ORD1499,11-07-2024,East,Pune,Electronics,Smartwatch,Rahul,8,25389.16,0,NetBanking,203113.28,Jul,HIGH,,,,
ORD1501,29-10-2024,East,Patna,Electronics,Smartwatch,Rahul,7,34008.29,0,Cash,238058.03,Oct,HIGH,,,,
ORD1518,30-07-2024,East,Ahmedabad,Electronics,Smartwatch,Vikas,15,46295.76,15,UPI,590270.94,Jul,HIGH,,,,
ORD1534,18-10-2024,South,Bhubaneswar,Electronics,Smartwatch,Arjun,3,11782.9,0,UPI,35348.7,Oct,MEDUIM,,,,
ORD1545,30-05-2024,West,Bangalore,Electronics,Smartwatch,Arjun,10,45653.9,5,NetBanking,433712.05,May,HIGH,,,,
ORD1557,24-11-2024,East,Jaipur,Electronics,Smartwatch,Vikas,3,49657.61,0,NetBanking,148972.83,Nov,HIGH,,,,
ORD1589,01-02-2024,North,Delhi,Electronics,Smartwatch,Pooja,15,2027.23,0,UPI,30408.45,Feb,MEDUIM,,,,
ORD1655,23-08-2024,North,Jaipur,Electronics,Smartwatch,Rahul,6,8129.6,0,UPI,48777.6,Aug,MEDUIM,,,,
ORD1664,22-09-2024,West,Mumbai,Electronics,Smartwatch,Priya,14,32242.74,15,Card,383688.61,Sep,HIGH,,,,
ORD1676,11-09-2024,North,Chennai,Electronics,Smartwatch,Amit,9,37744.68,15,NetBanking,288746.8,Sep,HIGH,,,,
ORD1684,10-09-2024,North,Ahmedabad,Electronics,Smartwatch,Arjun,13,37559.16,0,Card,488269.08,Sep,HIGH,,,,
ORD1726,26-05-2024,West,Lucknow,Electronics,Smartwatch,Neha,7,22615.02,10,Cash,142474.63,May,HIGH,,,,
ORD1727,15-12-2024,South,Pune,Electronics,Smartwatch,Rahul,1,34209.63,15,UPI,29078.19,Dec,MEDUIM,,,,
ORD1739,15-08-2024,North,Jaipur,Electronics,Smartwatch,Arjun,9,32051.6,0,UPI,288464.4,Aug,HIGH,,,,
ORD1756,12-06-2024,South,Pune,Electronics,Smartwatch,Pooja,4,11002.35,20,Card,35207.52,Jun,MEDUIM,,,,
ORD1759,20-08-2024,West,Bhubaneswar,Electronics,Smartwatch,Amit,8,46707.24,0,Card,373657.92,Aug,HIGH,,,,
ORD1812,23-01-2024,South,Pune,Electronics,Smartwatch,Neha,4,11474.01,0,UPI,45896.04,Jan,MEDUIM,,,,
ORD1858,28-06-2024,East,Bangalore,Electronics,Smartwatch,Arjun,11,30841.75,0,Cash,339259.25,Jun,HIGH,,,,
ORD1935,15-11-2024,South,Kolkata,Electronics,Smartwatch,Neha,14,21569.12,0,NetBanking,301967.68,Nov,HIGH,,,,
ORD1944,25-07-2024,North,Chennai,Electronics,Smartwatch,Pooja,11,20650.49,20,UPI,181724.31,Jul,HIGH,,,,
ORD1946,01-10-2024,North,Pune,Electronics,Smartwatch,Vikas,8,7565.42,10,Card,54471.02,Oct,MEDUIM,,,,
ORD1948,23-02-2024,East,Bhubaneswar,Electronics,Smartwatch,Vikas,4,12597.04,0,Card,50388.16,Feb,MEDUIM,,,,
ORD1960,23-06-2024,North,Bangalore,Electronics,Smartwatch,Rahul,15,15111.23,0,NetBanking,226668.45,Jun,HIGH,,,,
ORD1987,16-02-2024,West,Jaipur,Electronics,Smartwatch,Sneha,11,36083.27,10,Cash,357224.37,Feb,HIGH,,,,
ORD2042,01-02-2024,South,Ahmedabad,Electronics,Smartwatch,Pooja,9,23016.14,20,Card,165716.21,Feb,HIGH,,,,
ORD2048,15-04-2024,South,Jaipur,Electronics,Smartwatch,Vikas,4,41834.81,15,Cash,142238.35,Apr,HIGH,,,,
ORD2053,27-02-2024,North,Bangalore,Electronics,Smartwatch,Pooja,2,39919.53,5,UPI,75847.11,Feb,MEDUIM,,,,
ORD2066,09-05-2024,East,Lucknow,Electronics,Smartwatch,Neha,9,5244.28,0,Card,47198.52,May,MEDUIM,,,,
ORD2120,25-05-2024,South,Hyderabad,Electronics,Smartwatch,Vikas,1,21757.96,0,Cash,21757.96,May,MEDUIM,,,,
ORD2122,07-02-2024,East,Bangalore,Electronics,Smartwatch,Vikas,5,42416.1,15,Card,180268.42,Feb,HIGH,,,,
ORD2137,07-04-2024,East,Bangalore,Electronics,Smartwatch,Pooja,10,35134.41,20,NetBanking,281075.28,Apr,HIGH,,,,
ORD2144,03-08-2024,West,Lucknow,Electronics,Smartwatch,Amit,2,36252.78,0,UPI,72505.56,Aug,MEDUIM,,,,
ORD2167,26-03-2024,West,Hyderabad,Electronics,Smartwatch,Neha,5,39310.6,15,NetBanking,167070.05,Mar,HIGH,,,,
ORD1008,23-07-2024,West,Ahmedabad,Furniture,Sofa,Rahul,6,12218.78,0,NetBanking,73312.68,Jul,MEDUIM,,,,
ORD1011,28-09-2024,North,Hyderabad,Furniture,Sofa,Vikas,15,231.34,0,Card,3470.1,Sep,LOW,,,,
ORD1022,08-07-2024,East,Delhi,Furniture,Sofa,Amit,5,8844.53,20,Cash,35378.12,Jul,MEDUIM,,,,
ORD1034,16-03-2024,South,Bangalore,Furniture,Sofa,Sneha,1,2732.51,5,NetBanking,2595.88,Mar,LOW,,,,
ORD1048,23-05-2024,West,Patna,Furniture,Sofa,Arjun,15,32869.29,0,NetBanking,493039.35,May,HIGH,,,,
ORD1054,01-03-2024,North,Delhi,Furniture,Sofa,Pooja,9,42091.5,10,Cash,340941.15,Mar,HIGH,,,,
ORD1070,15-06-2024,West,Delhi,Furniture,Sofa,Rahul,13,3275.33,0,Card,42579.29,Jun,MEDUIM,,,,
ORD1076,22-06-2024,North,Pune,Furniture,Sofa,Arjun,13,6511.3,0,Cash,84646.9,Jun,MEDUIM,,,,
ORD1086,01-11-2024,West,Patna,Furniture,Sofa,Sneha,9,16360.4,10,NetBanking,132519.24,Nov,HIGH,,,,
ORD1091,28-06-2024,West,Patna,Furniture,Sofa,Amit,1,10141.02,0,UPI,10141.02,Jun,MEDUIM,,,,
ORD1104,23-12-2024,East,Bhubaneswar,Furniture,Sofa,Neha,11,21679.3,10,Card,214625.07,Dec,HIGH,,,,
ORD1122,28-11-2024,South,Pune,Furniture,Sofa,Priya,5,13878.72,0,Cash,69393.6,Nov,MEDUIM,,,,
ORD1168,06-10-2024,South,Bangalore,Furniture,Sofa,Priya,8,10285.82,10,UPI,74057.9,Oct,MEDUIM,,,,
ORD1180,09-09-2024,North,Patna,Furniture,Sofa,Sneha,3,3667.04,5,NetBanking,10451.06,Sep,MEDUIM,,,,
ORD1188,21-08-2024,North,Patna,Furniture,Sofa,Priya,13,11536.33,5,Cash,142473.68,Aug,HIGH,,,,
ORD1193,05-06-2024,South,Delhi,Furniture,Sofa,Arjun,2,10230.84,15,Card,17392.43,Jun,MEDUIM,,,,
ORD1199,20-10-2024,South,Patna,Furniture,Sofa,Arjun,5,52391.37,10,UPI,235761.17,Oct,HIGH,,,,
ORD1204,17-02-2024,North,Chennai,Furniture,Sofa,Vikas,11,19951.86,0,Card,219470.46,Feb,HIGH,,,,
ORD1216,11-12-2024,South,Jaipur,Furniture,Sofa,Pooja,12,6520.28,15,Cash,66506.86,Dec,MEDUIM,,,,
ORD1225,30-12-2024,North,Bangalore,Furniture,Sofa,Amit,4,53268.32,5,NetBanking,202419.62,Dec,HIGH,,,,
ORD1253,17-05-2024,North,Pune,Furniture,Sofa,Pooja,12,23039.15,15,Cash,234999.33,May,HIGH,,,,
ORD1262,30-09-2024,South,Hyderabad,Furniture,Sofa,Rahul,11,43212.36,15,Cash,404035.57,Sep,HIGH,,,,
ORD1264,09-07-2024,West,Pune,Furniture,Sofa,Priya,5,32289.27,5,NetBanking,153374.03,Jul,HIGH,,,,
ORD1312,13-09-2024,South,Chennai,Furniture,Sofa,Rahul,9,5162.36,0,Card,46461.24,Sep,MEDUIM,,,,
ORD1317,27-04-2024,South,Jaipur,Furniture,Sofa,Arjun,7,44652.26,15,UPI,265680.95,Apr,HIGH,,,,
ORD1320,29-10-2024,West,Ahmedabad,Furniture,Sofa,Arjun,2,12793.8,5,Card,24308.22,Oct,MEDUIM,,,,
ORD1323,12-02-2024,East,Mumbai,Furniture,Sofa,Priya,5,32986.42,10,UPI,148438.89,Feb,HIGH,,,,
ORD1338,29-08-2024,South,Chennai,Furniture,Sofa,Arjun,10,19001.69,0,Cash,190016.9,Aug,HIGH,,,,
ORD1404,02-09-2024,East,Bhubaneswar,Furniture,Sofa,Neha,15,26202.62,0,NetBanking,393039.3,Sep,HIGH,,,,
ORD1406,11-07-2024,West,Lucknow,Furniture,Sofa,Vikas,11,29478.17,0,Cash,324259.87,Jul,HIGH,,,,
ORD1412,06-02-2024,North,Bangalore,Furniture,Sofa,Amit,5,33806.81,0,UPI,169034.05,Feb,HIGH,,,,
ORD1453,27-02-2024,South,Delhi,Furniture,Sofa,Amit,13,8377.11,20,UPI,87121.94,Feb,MEDUIM,,,,
ORD1485,29-07-2024,North,Patna,Furniture,Sofa,Priya,6,50665.72,0,NetBanking,303994.32,Jul,HIGH,,,,
ORD1576,02-10-2024,West,Bangalore,Furniture,Sofa,Vikas,7,52882.1,10,Card,333157.23,Oct,HIGH,,,,
ORD1598,10-04-2024,West,Bangalore,Furniture,Sofa,Priya,1,9849.04,0,Cash,9849.04,Apr,LOW,,,,
ORD1599,08-07-2024,South,Mumbai,Furniture,Sofa,Priya,13,20604.79,0,UPI,267862.27,Jul,HIGH,,,,
ORD1601,18-11-2024,West,Bangalore,Furniture,Sofa,Priya,13,15548.02,0,NetBanking,202124.26,Nov,HIGH,,,,
ORD1611,14-04-2024,South,Pune,Furniture,Sofa,Vikas,7,3691.27,5,UPI,24546.95,Apr,MEDUIM,,,,
ORD1620,24-08-2024,South,Pune,Furniture,Sofa,Rahul,2,4723.66,15,Card,8030.22,Aug,LOW,,,,
ORD1651,22-04-2024,North,Pune,Furniture,Sofa,Pooja,12,14318.04,5,UPI,163225.66,Apr,HIGH,,,,
ORD1653,14-02-2024,East,Lucknow,Furniture,Sofa,Rahul,2,5084.84,15,Cash,8644.23,Feb,LOW,,,,
ORD1668,14-11-2024,North,Kolkata,Furniture,Sofa,Vikas,7,4274.91,0,NetBanking,29924.37,Nov,MEDUIM,,,,
ORD1670,14-01-2024,South,Pune,Furniture,Sofa,Priya,10,13762.87,0,Cash,137628.7,Jan,HIGH,,,,
ORD1673,19-09-2024,South,Jaipur,Furniture,Sofa,Neha,12,8720.92,0,Card,104651.04,Sep,HIGH,,,,
ORD1689,01-02-2024,South,Pune,Furniture,Sofa,Arjun,9,23603.59,0,Card,212432.31,Feb,HIGH,,,,
ORD1692,15-07-2024,North,Hyderabad,Furniture,Sofa,Sneha,2,48818.22,0,Card,97636.44,Jul,MEDUIM,,,,
ORD1712,09-01-2024,West,Delhi,Furniture,Sofa,Rahul,6,30798.92,0,Cash,184793.52,Jan,HIGH,,,,
ORD1719,24-02-2024,North,Hyderabad,Furniture,Sofa,Amit,2,11812.67,0,Card,23625.34,Feb,MEDUIM,,,,
ORD1734,18-03-2024,West,Kolkata,Furniture,Sofa,Vikas,15,25334.52,0,UPI,380017.8,Mar,HIGH,,,,
ORD1750,16-01-2024,West,Delhi,Furniture,Sofa,Priya,6,7793.36,0,Cash,46760.16,Jan,MEDUIM,,,,
ORD1753,02-02-2024,South,Bhubaneswar,Furniture,Sofa,Neha,8,9365.25,0,NetBanking,74922,Feb,MEDUIM,,,,
ORD1762,30-07-2024,North,Hyderabad,Furniture,Sofa,Vikas,11,24683.53,0,Cash,271518.83,Jul,HIGH,,,,
ORD1772,13-12-2024,East,Delhi,Furniture,Sofa,Pooja,13,46949.31,10,UPI,549306.93,Dec,HIGH,,,,
ORD1785,05-03-2024,North,Lucknow,Furniture,Sofa,Amit,7,36920.34,5,Cash,245520.26,Mar,HIGH,,,,
ORD1804,19-01-2024,South,Delhi,Furniture,Sofa,Sneha,8,28016.71,15,UPI,190513.63,Jan,HIGH,,,,
ORD1820,31-07-2024,North,Bhubaneswar,Furniture,Sofa,Arjun,2,35375.41,0,Cash,70750.82,Jul,MEDUIM,,,,
ORD1836,18-11-2024,North,Patna,Furniture,Sofa,Priya,12,28303.86,20,Cash,271717.06,Nov,HIGH,,,,
ORD1839,02-12-2024,North,Ahmedabad,Furniture,Sofa,Arjun,3,48308.35,20,Cash,115940.04,Dec,HIGH,,,,
ORD1847,07-02-2024,East,Delhi,Furniture,Sofa,Rahul,9,39771.79,20,UPI,286356.89,Feb,HIGH,,,,
ORD1856,31-12-2024,East,Hyderabad,Furniture,Sofa,Rahul,6,28662.01,0,Card,171972.06,Dec,HIGH,,,,
ORD1873,06-04-2024,South,Mumbai,Furniture,Sofa,Neha,5,48619.56,0,Cash,243097.8,Apr,HIGH,,,,
ORD1895,27-07-2024,North,Kolkata,Furniture,Sofa,Neha,4,1225.8,5,UPI,4658.04,Jul,LOW,,,,
ORD1912,13-08-2024,East,Ahmedabad,Furniture,Sofa,Vikas,11,16359.4,15,Card,152960.39,Aug,HIGH,,,,
ORD1914,05-09-2024,South,Patna,Furniture,Sofa,Priya,11,9467.82,10,Cash,93731.42,Sep,MEDUIM,,,,
ORD1915,17-03-2024,North,Bangalore,Furniture,Sofa,Amit,5,33553.54,15,Card,142602.55,Mar,HIGH,,,,
ORD1916,16-11-2024,South,Lucknow,Furniture,Sofa,Priya,2,52371.15,10,UPI,94268.07,Nov,MEDUIM,,,,
ORD1923,28-09-2024,South,Patna,Furniture,Sofa,Sneha,8,5839.86,0,NetBanking,46718.88,Sep,MEDUIM,,,,
ORD1936,16-03-2024,South,Bangalore,Furniture,Sofa,Neha,4,17104.8,0,UPI,68419.2,Mar,MEDUIM,,,,
ORD1955,14-12-2024,West,Bangalore,Furniture,Sofa,Arjun,3,34992.92,20,Card,83983.01,Dec,MEDUIM,,,,
ORD1967,29-03-2024,North,Pune,Furniture,Sofa,Sneha,14,27591.04,0,Cash,386274.56,Mar,HIGH,,,,
ORD2004,02-06-2024,West,Lucknow,Furniture,Sofa,Neha,3,2532.01,5,Card,7216.23,Jun,LOW,,,,
ORD2081,16-10-2024,South,Kolkata,Furniture,Sofa,Arjun,4,19298.52,0,Card,77194.08,Oct,MEDUIM,,,,
ORD2082,17-12-2024,South,Hyderabad,Furniture,Sofa,Vikas,6,39251.63,10,Card,211958.8,Dec,HIGH,,,,
ORD2083,11-09-2024,West,Hyderabad,Furniture,Sofa,Vikas,6,13660.73,5,UPI,77866.16,Sep,MEDUIM,,,,
ORD2085,17-11-2024,North,Lucknow,Furniture,Sofa,Amit,8,32820.89,5,UPI,249438.76,Nov,HIGH,,,,
ORD2096,22-05-2024,West,Chennai,Furniture,Sofa,Amit,14,50394.77,0,Card,705526.78,May,HIGH,,,,
ORD2107,25-07-2024,North,Lucknow,Furniture,Sofa,Priya,6,43958.41,5,NetBanking,250562.94,Jul,HIGH,,,,
ORD2112,12-01-2024,South,Bangalore,Furniture,Sofa,Amit,7,26690.1,0,Cash,186830.7,Jan,HIGH,,,,
ORD2125,06-09-2024,North,Mumbai,Furniture,Sofa,Vikas,15,54362.61,0,Card,815439.15,Sep,HIGH,,,,
ORD2127,19-07-2024,North,Bhubaneswar,Furniture,Sofa,Amit,15,29174.69,10,NetBanking,393858.32,Jul,HIGH,,,,
ORD2163,22-12-2024,South,Lucknow,Furniture,Sofa,Amit,6,51419.08,20,Cash,246811.58,Dec,HIGH,,,,
ORD1032,18-10-2024,South,Hyderabad,Grocery,Sugar,Neha,5,22452.92,20,NetBanking,89811.68,Oct,MEDUIM,,,,
ORD1033,30-08-2024,South,Hyderabad,Grocery,Sugar,Neha,13,49584.71,20,UPI,515680.98,Aug,HIGH,,,,
ORD1035,01-12-2024,West,Bangalore,Grocery,Sugar,Pooja,12,503.86,20,UPI,4837.06,Dec,LOW,,,,
ORD1053,27-01-2024,North,Kolkata,Grocery,Sugar,Amit,5,51770.29,5,Card,245908.88,Jan,HIGH,,,,
ORD1056,17-01-2024,South,Pune,Grocery,Sugar,Sneha,4,15988.15,0,NetBanking,63952.6,Jan,MEDUIM,,,,
ORD1064,21-08-2024,North,Mumbai,Grocery,Sugar,Vikas,9,8126.38,0,NetBanking,73137.42,Aug,MEDUIM,,,,
ORD1099,16-10-2024,North,Ahmedabad,Grocery,Sugar,Pooja,11,35014.35,10,NetBanking,346642.07,Oct,HIGH,,,,
ORD1114,17-07-2024,East,Jaipur,Grocery,Sugar,Priya,6,14100.03,0,Cash,84600.18,Jul,MEDUIM,,,,
ORD1145,13-06-2024,North,Chennai,Grocery,Sugar,Amit,5,35595.21,20,Card,142380.84,Jun,HIGH,,,,
ORD1157,23-08-2024,North,Bangalore,Grocery,Sugar,Arjun,6,8700.65,0,UPI,52203.9,Aug,MEDUIM,,,,
ORD1161,11-07-2024,South,Chennai,Grocery,Sugar,Pooja,3,41542,5,UPI,118394.7,Jul,HIGH,,,,
ORD1162,04-05-2024,North,Chennai,Grocery,Sugar,Sneha,5,11342.85,15,UPI,48207.11,May,MEDUIM,,,,
ORD1185,19-01-2024,West,Ahmedabad,Grocery,Sugar,Sneha,13,53269.86,15,Cash,588631.95,Jan,HIGH,,,,
ORD1195,08-09-2024,East,Ahmedabad,Grocery,Sugar,Vikas,7,39115.8,5,UPI,260120.07,Sep,HIGH,,,,
ORD1201,17-02-2024,North,Jaipur,Grocery,Sugar,Amit,7,28455.62,0,UPI,199189.34,Feb,HIGH,,,,
ORD1240,11-07-2024,East,Bhubaneswar,Grocery,Sugar,Priya,2,45618.62,20,UPI,72989.79,Jul,MEDUIM,,,,
ORD1279,13-08-2024,South,Lucknow,Grocery,Sugar,Sneha,1,3670.82,15,Cash,3120.2,Aug,LOW,,,,
ORD1281,08-09-2024,West,Bangalore,Grocery,Sugar,Sneha,6,13400.87,0,UPI,80405.22,Sep,MEDUIM,,,,
ORD1282,12-09-2024,West,Mumbai,Grocery,Sugar,Amit,8,17520.17,5,UPI,133153.29,Sep,HIGH,,,,
ORD1302,18-07-2024,East,Kolkata,Grocery,Sugar,Priya,11,6683.16,0,Cash,73514.76,Jul,MEDUIM,,,,
ORD1332,29-02-2024,South,Lucknow,Grocery,Sugar,Arjun,5,3901.97,15,Cash,16583.37,Feb,MEDUIM,,,,
ORD1369,18-01-2024,South,Mumbai,Grocery,Sugar,Sneha,5,32847.8,10,Cash,147815.1,Jan,HIGH,,,,
ORD1388,24-03-2024,West,Mumbai,Grocery,Sugar,Sneha,4,12599.76,5,Card,47879.09,Mar,MEDUIM,,,,
ORD1416,27-06-2024,West,Chennai,Grocery,Sugar,Priya,10,31692.37,10,Cash,285231.33,Jun,HIGH,,,,
ORD1417,13-11-2024,North,Mumbai,Grocery,Sugar,Arjun,4,30227.61,5,Cash,114864.92,Nov,HIGH,,,,
ORD1435,10-12-2024,North,Hyderabad,Grocery,Sugar,Amit,10,42423.25,10,UPI,381809.25,Dec,HIGH,,,,
ORD1458,24-06-2024,South,Mumbai,Grocery,Sugar,Sneha,4,48775.21,10,UPI,175590.76,Jun,HIGH,,,,
ORD1459,30-08-2024,North,Hyderabad,Grocery,Sugar,Sneha,14,25559.41,0,Card,357831.74,Aug,HIGH,,,,
ORD1473,12-06-2024,North,Chennai,Grocery,Sugar,Vikas,3,435.33,15,Card,1110.09,Jun,LOW,,,,
ORD1515,15-03-2024,East,Chennai,Grocery,Sugar,Amit,6,26242.15,0,Card,157452.9,Mar,HIGH,,,,
ORD1524,15-04-2024,South,Chennai,Grocery,Sugar,Rahul,10,12013.05,20,UPI,96104.4,Apr,MEDUIM,,,,
ORD1564,07-09-2024,North,Ahmedabad,Grocery,Sugar,Priya,12,53535.33,20,Card,513939.17,Sep,HIGH,,,,
ORD1565,21-03-2024,East,Jaipur,Grocery,Sugar,Amit,9,20439.4,0,Card,183954.6,Mar,HIGH,,,,
ORD1591,13-11-2024,South,Ahmedabad,Grocery,Sugar,Priya,2,18810.98,15,UPI,31978.67,Nov,MEDUIM,,,,
ORD1609,18-08-2024,West,Chennai,Grocery,Sugar,Pooja,14,30802.89,0,Cash,431240.46,Aug,HIGH,,,,
ORD1617,18-10-2024,West,Hyderabad,Grocery,Sugar,Vikas,2,21766.61,0,UPI,43533.22,Oct,MEDUIM,,,,
ORD1636,10-07-2024,West,Ahmedabad,Grocery,Sugar,Priya,7,27027.4,15,NetBanking,160813.03,Jul,HIGH,,,,
ORD1674,30-06-2024,West,Chennai,Grocery,Sugar,Sneha,13,25882.89,0,Cash,336477.57,Jun,HIGH,,,,
ORD1678,10-07-2024,South,Mumbai,Grocery,Sugar,Vikas,2,18720.13,15,NetBanking,31824.22,Jul,MEDUIM,,,,
ORD1696,06-11-2024,East,Pune,Grocery,Sugar,Pooja,5,11539.47,0,Cash,57697.35,Nov,MEDUIM,,,,
ORD1732,12-05-2024,West,Hyderabad,Grocery,Sugar,Sneha,3,45714.09,0,Cash,137142.27,May,HIGH,,,,
ORD1733,18-12-2024,East,Ahmedabad,Grocery,Sugar,Sneha,13,9005.77,15,UPI,99513.76,Dec,MEDUIM,,,,
ORD1737,04-10-2024,West,Patna,Grocery,Sugar,Rahul,7,28869.71,20,NetBanking,161670.38,Oct,HIGH,,,,
ORD1784,15-01-2024,North,Pune,Grocery,Sugar,Sneha,15,30828.22,20,Cash,369938.64,Jan,HIGH,,,,
ORD1789,06-10-2024,South,Bangalore,Grocery,Sugar,Amit,5,45228.42,15,Card,192220.78,Oct,HIGH,,,,
ORD1794,03-12-2024,North,Ahmedabad,Grocery,Sugar,Neha,3,31766.93,10,NetBanking,85770.71,Dec,MEDUIM,,,,
ORD1823,09-04-2024,West,Patna,Grocery,Sugar,Neha,14,31723.36,0,UPI,444127.04,Apr,HIGH,,,,
ORD1835,11-03-2024,East,Kolkata,Grocery,Sugar,Priya,5,40293.53,0,Cash,201467.65,Mar,HIGH,,,,
ORD1846,24-05-2024,North,Delhi,Grocery,Sugar,Arjun,5,1528.59,15,NetBanking,6496.51,May,LOW,,,,
ORD1855,01-03-2024,South,Lucknow,Grocery,Sugar,Neha,7,54766.79,15,Card,325862.4,Mar,HIGH,,,,
ORD1862,30-08-2024,West,Ahmedabad,Grocery,Sugar,Rahul,6,17284.55,10,Cash,93336.57,Aug,MEDUIM,,,,
ORD1882,08-12-2024,West,Chennai,Grocery,Sugar,Rahul,7,45757.82,15,NetBanking,272259.03,Dec,HIGH,,,,
ORD1889,24-05-2024,East,Lucknow,Grocery,Sugar,Arjun,1,6861.02,5,Cash,6517.97,May,LOW,,,,
ORD1908,22-07-2024,South,Lucknow,Grocery,Sugar,Pooja,14,45262.9,20,NetBanking,506944.48,Jul,HIGH,,,,
ORD1928,06-11-2024,North,Chennai,Grocery,Sugar,Vikas,10,20751.04,0,UPI,207510.4,Nov,HIGH,,,,
ORD1932,31-01-2024,North,Jaipur,Grocery,Sugar,Neha,15,54432.44,0,NetBanking,816486.6,Jan,HIGH,,,,
ORD1952,24-06-2024,North,Jaipur,Grocery,Sugar,Priya,13,28645.2,0,Card,372387.6,Jun,HIGH,,,,
ORD1976,28-03-2024,East,Mumbai,Grocery,Sugar,Priya,1,30885.74,10,Cash,27797.17,Mar,MEDUIM,,,,
ORD1986,10-10-2024,North,Jaipur,Grocery,Sugar,Amit,2,18741.25,0,Cash,37482.5,Oct,MEDUIM,,,,
ORD2005,19-08-2024,South,Pune,Grocery,Sugar,Sneha,8,52390.1,5,Card,398164.76,Aug,HIGH,,,,
ORD2008,13-01-2024,West,Chennai,Grocery,Sugar,Rahul,12,11513.64,10,NetBanking,124347.31,Jan,HIGH,,,,
ORD2013,28-03-2024,East,Pune,Grocery,Sugar,Pooja,13,1293.49,15,UPI,14293.06,Mar,MEDUIM,,,,
ORD2035,30-12-2024,West,Chennai,Grocery,Sugar,Pooja,3,20135.28,20,Card,48324.67,Dec,MEDUIM,,,,
ORD2050,02-09-2024,East,Chennai,Grocery,Sugar,Amit,9,32901.37,20,UPI,236889.86,Sep,HIGH,,,,
ORD2072,11-08-2024,North,Lucknow,Grocery,Sugar,Arjun,9,38672.22,0,Card,348049.98,Aug,HIGH,,,,
ORD2078,02-11-2024,West,Bangalore,Grocery,Sugar,Rahul,9,15962,20,UPI,114926.4,Nov,HIGH,,,,
ORD2090,21-02-2024,West,Bangalore,Grocery,Sugar,Arjun,14,4693.44,15,UPI,55851.94,Feb,MEDUIM,,,,
ORD2101,22-10-2024,North,Bhubaneswar,Grocery,Sugar,Pooja,12,46102,5,Card,525562.8,Oct,HIGH,,,,
ORD2108,07-10-2024,South,Jaipur,Grocery,Sugar,Pooja,12,41241.77,10,Cash,445411.12,Oct,HIGH,,,,
ORD2114,11-02-2024,South,Patna,Grocery,Sugar,Amit,4,9102.01,5,NetBanking,34587.64,Feb,MEDUIM,,,,
ORD2115,30-08-2024,South,Chennai,Grocery,Sugar,Arjun,1,18491.46,0,Card,18491.46,Aug,MEDUIM,,,,
ORD2116,04-05-2024,West,Chennai,Grocery,Sugar,Priya,10,44288.22,0,UPI,442882.2,May,HIGH,,,,
ORD2121,07-12-2024,South,Chennai,Grocery,Sugar,Priya,6,11737.99,5,Card,66906.54,Dec,MEDUIM,,,,
ORD2151,05-12-2024,West,Patna,Grocery,Sugar,Sneha,4,47205.04,0,NetBanking,188820.16,Dec,HIGH,,,,
ORD2160,14-12-2024,West,Delhi,Grocery,Sugar,Amit,9,24382.21,0,NetBanking,219439.89,Dec,HIGH,,,,
ORD2179,15-11-2024,North,Kolkata,Grocery,Sugar,Amit,13,35066.22,20,UPI,364688.69,Nov,HIGH,,,,
ORD2188,25-01-2024,West,Jaipur,Grocery,Sugar,Arjun,10,53662.35,0,Cash,536623.5,Jan,HIGH,,,,
ORD1006,18-05-2024,North,Pune,Furniture,Table,Amit,15,35271.99,10,Cash,476171.86,May,HIGH,,,,
ORD1015,30-08-2024,East,Mumbai,Furniture,Table,Amit,13,22506.89,0,UPI,292589.57,Aug,HIGH,,,,
ORD1026,13-10-2024,East,Lucknow,Furniture,Table,Rahul,15,48134.26,10,NetBanking,649812.51,Oct,HIGH,,,,
ORD1082,16-04-2024,South,Jaipur,Furniture,Table,Vikas,10,12034.13,20,Card,96273.04,Apr,MEDUIM,,,,
ORD1113,01-01-2024,North,Patna,Furniture,Table,Priya,10,19534.32,10,UPI,175808.88,Jan,HIGH,,,,
ORD1127,29-01-2024,East,Ahmedabad,Furniture,Table,Vikas,14,7004.03,0,UPI,98056.42,Jan,MEDUIM,,,,
ORD1140,01-09-2024,East,Bhubaneswar,Furniture,Table,Vikas,9,20850,0,NetBanking,187650,Sep,HIGH,,,,
ORD1141,01-06-2024,North,Bhubaneswar,Furniture,Table,Pooja,4,51793.41,0,Cash,207173.64,Jun,HIGH,,,,
ORD1151,19-03-2024,East,Chennai,Furniture,Table,Sneha,8,41175.87,10,Card,296466.26,Mar,HIGH,,,,
ORD1158,31-10-2024,East,Delhi,Furniture,Table,Sneha,1,24664.97,15,Card,20965.22,Oct,MEDUIM,,,,
ORD1164,02-09-2024,East,Jaipur,Furniture,Table,Vikas,15,13494.11,10,NetBanking,182170.49,Sep,HIGH,,,,
ORD1198,08-11-2024,East,Bhubaneswar,Furniture,Table,Neha,11,23663.55,10,Cash,234269.14,Nov,HIGH,,,,
ORD1232,02-12-2024,South,Delhi,Furniture,Table,Arjun,4,14805.68,20,Cash,47378.18,Dec,MEDUIM,,,,
ORD1233,11-06-2024,South,Hyderabad,Furniture,Table,Rahul,13,40648.16,0,Card,528426.08,Jun,HIGH,,,,
ORD1248,22-01-2024,West,Bangalore,Furniture,Table,Vikas,7,4494.6,15,Cash,26742.87,Jan,MEDUIM,,,,
ORD1258,09-05-2024,West,Delhi,Furniture,Table,Neha,10,44318.69,0,NetBanking,443186.9,May,HIGH,,,,
ORD1270,26-04-2024,North,Mumbai,Furniture,Table,Amit,4,40048.85,0,NetBanking,160195.4,Apr,HIGH,,,,
ORD1287,17-07-2024,East,Bangalore,Furniture,Table,Sneha,11,33109.92,0,Cash,364209.12,Jul,HIGH,,,,
ORD1289,25-06-2024,West,Bhubaneswar,Furniture,Table,Neha,15,37046.08,15,UPI,472337.52,Jun,HIGH,,,,
ORD1298,13-06-2024,East,Jaipur,Furniture,Table,Neha,7,50393.1,0,NetBanking,352751.7,Jun,HIGH,,,,
ORD1306,28-02-2024,East,Kolkata,Furniture,Table,Pooja,3,36969.59,10,UPI,99817.89,Feb,MEDUIM,,,,
ORD1334,12-04-2024,North,Ahmedabad,Furniture,Table,Neha,4,40501.51,20,Card,129604.83,Apr,HIGH,,,,
ORD1347,16-11-2024,South,Patna,Furniture,Table,Pooja,3,7393.99,20,NetBanking,17745.58,Nov,MEDUIM,,,,
ORD1383,02-12-2024,East,Patna,Furniture,Table,Arjun,3,5011.17,5,Card,14281.83,Dec,MEDUIM,,,,
ORD1396,28-07-2024,North,Pune,Furniture,Table,Sneha,8,4551.39,10,UPI,32770.01,Jul,MEDUIM,,,,
ORD1397,27-06-2024,South,Jaipur,Furniture,Table,Amit,1,8166.52,0,UPI,8166.52,Jun,LOW,,,,
ORD1418,30-12-2024,North,Jaipur,Furniture,Table,Rahul,10,46053.8,0,Cash,460538,Dec,HIGH,,,,
ORD1451,18-08-2024,North,Bhubaneswar,Furniture,Table,Priya,7,13311.11,0,Cash,93177.77,Aug,MEDUIM,,,,
ORD1514,19-04-2024,South,Delhi,Furniture,Table,Priya,5,24283.25,0,Cash,121416.25,Apr,HIGH,,,,
ORD1530,03-04-2024,West,Delhi,Furniture,Table,Amit,1,25969.56,0,NetBanking,25969.56,Apr,MEDUIM,,,,
ORD1550,06-11-2024,South,Bangalore,Furniture,Table,Amit,8,5729.52,5,Cash,43544.35,Nov,MEDUIM,,,,
ORD1567,03-03-2024,South,Mumbai,Furniture,Table,Neha,9,19305.96,20,NetBanking,139002.91,Mar,HIGH,,,,
ORD1571,30-09-2024,East,Mumbai,Furniture,Table,Arjun,10,17759.63,10,UPI,159836.67,Sep,HIGH,,,,
ORD1574,17-09-2024,East,Chennai,Furniture,Table,Amit,13,27842.28,0,NetBanking,361949.64,Sep,HIGH,,,,
ORD1584,06-03-2024,West,Jaipur,Furniture,Table,Vikas,12,3764.7,0,Card,45176.4,Mar,MEDUIM,,,,
ORD1600,29-09-2024,South,Bangalore,Furniture,Table,Sneha,7,38250.59,0,Cash,267754.13,Sep,HIGH,,,,
ORD1608,29-04-2024,South,Chennai,Furniture,Table,Neha,9,32367.8,10,Card,262179.18,Apr,HIGH,,,,
ORD1614,09-08-2024,South,Chennai,Furniture,Table,Pooja,14,39090,5,Cash,519897,Aug,HIGH,,,,
ORD1637,27-06-2024,East,Pune,Furniture,Table,Sneha,9,39060.24,15,Card,298810.84,Jun,HIGH,,,,
ORD1657,06-09-2024,West,Delhi,Furniture,Table,Neha,12,21671.07,20,NetBanking,208042.27,Sep,HIGH,,,,
ORD1669,17-05-2024,West,Jaipur,Furniture,Table,Rahul,11,38384.8,0,NetBanking,422232.8,May,HIGH,,,,
ORD1790,24-12-2024,West,Hyderabad,Furniture,Table,Vikas,9,11179.24,5,NetBanking,95582.5,Dec,MEDUIM,,,,
ORD1793,15-10-2024,West,Bhubaneswar,Furniture,Table,Arjun,6,25379.6,20,UPI,121822.08,Oct,HIGH,,,,
ORD1818,28-02-2024,North,Delhi,Furniture,Table,Sneha,11,2309.9,15,UPI,21597.57,Feb,MEDUIM,,,,
ORD1825,26-10-2024,West,Ahmedabad,Furniture,Table,Rahul,11,7770.08,0,NetBanking,85470.88,Oct,MEDUIM,,,,
ORD1826,26-03-2024,North,Mumbai,Furniture,Table,Amit,2,23140.68,20,NetBanking,37025.09,Mar,MEDUIM,,,,
ORD1838,19-04-2024,West,Jaipur,Furniture,Table,Vikas,1,24000.67,5,NetBanking,22800.64,Apr,MEDUIM,,,,
ORD1891,18-02-2024,East,Jaipur,Furniture,Table,Sneha,3,40027.95,15,NetBanking,102071.27,Feb,HIGH,,,,
ORD1896,15-06-2024,East,Jaipur,Furniture,Table,Neha,4,3691.99,0,NetBanking,14767.96,Jun,MEDUIM,,,,
ORD1922,10-12-2024,East,Lucknow,Furniture,Table,Priya,5,5382.33,20,Card,21529.32,Dec,MEDUIM,,,,
ORD1924,21-09-2024,East,Chennai,Furniture,Table,Vikas,8,36011.29,20,Cash,230472.26,Sep,HIGH,,,,
ORD1942,22-09-2024,West,Delhi,Furniture,Table,Vikas,3,7884.08,5,Cash,22469.63,Sep,MEDUIM,,,,
ORD1954,11-04-2024,South,Bangalore,Furniture,Table,Neha,12,41003.85,10,Card,442841.58,Apr,HIGH,,,,
ORD2006,03-12-2024,North,Hyderabad,Furniture,Table,Sneha,13,34114.42,5,NetBanking,421313.09,Dec,HIGH,,,,
ORD2009,27-08-2024,North,Pune,Furniture,Table,Amit,4,47768.05,0,UPI,191072.2,Aug,HIGH,,,,
ORD2023,08-02-2024,West,Jaipur,Furniture,Table,Vikas,4,10450.23,0,NetBanking,41800.92,Feb,MEDUIM,,,,
ORD2029,19-07-2024,West,Delhi,Furniture,Table,Vikas,8,8414.51,0,Card,67316.08,Jul,MEDUIM,,,,
ORD2031,01-08-2024,East,Mumbai,Furniture,Table,Priya,8,910.62,0,Card,7284.96,Aug,LOW,,,,
ORD2044,17-07-2024,North,Patna,Furniture,Table,Arjun,13,34961.32,5,UPI,431772.3,Jul,HIGH,,,,
ORD2046,14-11-2024,West,Jaipur,Furniture,Table,Neha,5,14757.44,0,Card,73787.2,Nov,MEDUIM,,,,
ORD2060,29-02-2024,South,Patna,Furniture,Table,Sneha,6,40305.64,20,Cash,193467.07,Feb,HIGH,,,,
ORD2063,09-05-2024,East,Delhi,Furniture,Table,Neha,8,52315.49,5,NetBanking,397597.72,May,HIGH,,,,
ORD2071,05-11-2024,North,Hyderabad,Furniture,Table,Neha,10,1497.57,5,UPI,14226.91,Nov,MEDUIM,,,,
ORD2076,01-09-2024,North,Bangalore,Furniture,Table,Neha,9,54444.71,0,Card,490002.39,Sep,HIGH,,,,
ORD2109,11-11-2024,East,Bangalore,Furniture,Table,Sneha,7,15311.64,0,NetBanking,107181.48,Nov,HIGH,,,,
ORD2164,24-01-2024,South,Bangalore,Furniture,Table,Sneha,12,10030.66,20,Card,96294.34,Jan,MEDUIM,,,,
ORD2168,29-03-2024,West,Pune,Furniture,Table,Amit,10,46050.61,5,Card,437480.79,Mar,HIGH,,,,
ORD2181,06-04-2024,East,Ahmedabad,Furniture,Table,Vikas,9,35696.29,5,Card,305203.28,Apr,HIGH,,,,
ORD2187,26-09-2024,North,Kolkata,Furniture,Table,Priya,5,32374.26,15,UPI,137590.6,Sep,HIGH,,,,
ORD1024,04-08-2024,North,Jaipur,Clothing,T-Shirt,Pooja,14,15362.08,0,NetBanking,215069.12,Aug,HIGH,,,,
ORD1029,01-04-2024,East,Lucknow,Clothing,T-Shirt,Arjun,10,52946.88,0,UPI,529468.8,Apr,HIGH,,,,
ORD1044,21-10-2024,North,Lucknow,Clothing,T-Shirt,Sneha,11,49959.83,5,UPI,522080.22,Oct,HIGH,,,,
ORD1045,29-09-2024,South,Lucknow,Clothing,T-Shirt,Priya,7,36451.37,0,NetBanking,255159.59,Sep,HIGH,,,,
ORD1063,25-04-2024,West,Mumbai,Clothing,T-Shirt,Vikas,14,50228.56,5,Cash,668039.85,Apr,HIGH,,,,
ORD1097,04-05-2024,East,Mumbai,Clothing,T-Shirt,Rahul,7,32470.15,10,UPI,204561.95,May,HIGH,,,,
ORD1103,12-10-2024,East,Kolkata,Clothing,T-Shirt,Neha,11,21383.72,0,UPI,235220.92,Oct,HIGH,,,,
ORD1106,21-06-2024,East,Jaipur,Clothing,T-Shirt,Rahul,15,42193.66,0,NetBanking,632904.9,Jun,HIGH,,,,
ORD1120,22-11-2024,South,Jaipur,Clothing,T-Shirt,Pooja,7,20109.45,20,UPI,112612.92,Nov,HIGH,,,,
ORD1172,26-07-2024,South,Delhi,Clothing,T-Shirt,Arjun,7,20868.89,5,Cash,138778.12,Jul,HIGH,,,,
ORD1174,14-03-2024,North,Hyderabad,Clothing,T-Shirt,Arjun,13,45173.85,20,Cash,469808.04,Mar,HIGH,,,,
ORD1241,23-02-2024,South,Patna,Clothing,T-Shirt,Neha,2,18931.09,5,NetBanking,35969.07,Feb,MEDUIM,,,,
ORD1260,21-06-2024,West,Mumbai,Clothing,T-Shirt,Sneha,5,35304.59,20,Card,141218.36,Jun,HIGH,,,,
ORD1271,25-02-2024,East,Jaipur,Clothing,T-Shirt,Pooja,11,46019.38,0,Card,506213.18,Feb,HIGH,,,,
ORD1295,29-12-2024,East,Patna,Clothing,T-Shirt,Vikas,15,8683.35,0,NetBanking,130250.25,Dec,HIGH,,,,
ORD1296,22-04-2024,East,Bhubaneswar,Clothing,T-Shirt,Sneha,3,28729.22,20,Card,68950.13,Apr,MEDUIM,,,,
ORD1307,11-04-2024,West,Kolkata,Clothing,T-Shirt,Priya,12,32016.64,0,Card,384199.68,Apr,HIGH,,,,
ORD1366,19-02-2024,West,Hyderabad,Clothing,T-Shirt,Rahul,2,39939.42,10,NetBanking,71890.96,Feb,MEDUIM,,,,
ORD1421,18-09-2024,South,Jaipur,Clothing,T-Shirt,Neha,7,46650.49,20,UPI,261242.74,Sep,HIGH,,,,
ORD1422,25-12-2024,West,Chennai,Clothing,T-Shirt,Rahul,10,21805.9,0,NetBanking,218059,Dec,HIGH,,,,
ORD1434,22-11-2024,South,Jaipur,Clothing,T-Shirt,Priya,6,52598.86,5,Cash,299813.5,Nov,HIGH,,,,
ORD1443,27-11-2024,West,Pune,Clothing,T-Shirt,Priya,4,9878.68,0,Cash,39514.72,Nov,MEDUIM,,,,
ORD1464,06-07-2024,North,Lucknow,Clothing,T-Shirt,Sneha,8,34128.51,0,Card,273028.08,Jul,HIGH,,,,
ORD1467,14-02-2024,North,Chennai,Clothing,T-Shirt,Rahul,2,21609.4,0,NetBanking,43218.8,Feb,MEDUIM,,,,
ORD1477,28-06-2024,West,Patna,Clothing,T-Shirt,Arjun,5,53768.29,20,NetBanking,215073.16,Jun,HIGH,,,,
ORD1487,06-03-2024,West,Delhi,Clothing,T-Shirt,Priya,14,38244.58,15,UPI,455110.5,Mar,HIGH,,,,
ORD1502,19-02-2024,North,Patna,Clothing,T-Shirt,Vikas,7,19113.84,0,UPI,133796.88,Feb,HIGH,,,,
ORD1517,17-04-2024,West,Chennai,Clothing,T-Shirt,Amit,14,48985.52,5,Cash,651507.42,Apr,HIGH,,,,
ORD1533,15-01-2024,East,Kolkata,Clothing,T-Shirt,Amit,2,25420.78,15,Cash,43215.33,Jan,MEDUIM,,,,
ORD1539,19-09-2024,West,Delhi,Clothing,T-Shirt,Vikas,2,28183.71,5,UPI,53549.05,Sep,MEDUIM,,,,
ORD1543,08-01-2024,North,Bangalore,Clothing,T-Shirt,Rahul,4,6332.81,0,Card,25331.24,Jan,MEDUIM,,,,
ORD1546,05-09-2024,North,Pune,Clothing,T-Shirt,Amit,9,32588.95,10,UPI,263970.49,Sep,HIGH,,,,
ORD1552,19-12-2024,North,Kolkata,Clothing,T-Shirt,Priya,14,28443.23,15,UPI,338474.44,Dec,HIGH,,,,
ORD1583,26-12-2024,North,Patna,Clothing,T-Shirt,Pooja,12,33410.28,0,Card,400923.36,Dec,HIGH,,,,
ORD1604,31-05-2024,West,Bangalore,Clothing,T-Shirt,Pooja,8,28631.38,0,NetBanking,229051.04,May,HIGH,,,,
ORD1648,15-08-2024,South,Bhubaneswar,Clothing,T-Shirt,Pooja,4,33450.61,5,UPI,127112.32,Aug,HIGH,,,,
ORD1660,06-08-2024,South,Chennai,Clothing,T-Shirt,Neha,11,46322.97,0,NetBanking,509552.67,Aug,HIGH,,,,
ORD1690,01-01-2024,East,Bangalore,Clothing,T-Shirt,Rahul,1,36391.61,0,Cash,36391.61,Jan,MEDUIM,,,,
ORD1698,30-09-2024,East,Bangalore,Clothing,T-Shirt,Vikas,2,276.72,0,Card,553.44,Sep,LOW,,,,
ORD1709,01-12-2024,North,Delhi,Clothing,T-Shirt,Priya,3,17750.03,5,NetBanking,50587.59,Dec,MEDUIM,,,,
ORD1714,24-10-2024,South,Jaipur,Clothing,T-Shirt,Priya,2,26330.1,10,UPI,47394.18,Oct,MEDUIM,,,,
ORD1720,04-09-2024,East,Jaipur,Clothing,T-Shirt,Arjun,1,2833.08,0,Card,2833.08,Sep,LOW,,,,
ORD1755,26-08-2024,West,Kolkata,Clothing,T-Shirt,Priya,10,43779.12,0,Cash,437791.2,Aug,HIGH,,,,
ORD1767,08-08-2024,East,Lucknow,Clothing,T-Shirt,Amit,4,8453.98,10,NetBanking,30434.33,Aug,MEDUIM,,,,
ORD1775,22-04-2024,West,Chennai,Clothing,T-Shirt,Neha,11,54675.97,0,Card,601435.67,Apr,HIGH,,,,
ORD1778,16-12-2024,North,Lucknow,Clothing,T-Shirt,Pooja,3,25754.2,0,Cash,77262.6,Dec,MEDUIM,,,,
ORD1797,09-03-2024,North,Pune,Clothing,T-Shirt,Rahul,11,31643.13,0,NetBanking,348074.43,Mar,HIGH,,,,
ORD1815,31-05-2024,East,Hyderabad,Clothing,T-Shirt,Amit,6,31495.33,0,UPI,188971.98,May,HIGH,,,,
ORD1850,22-10-2024,South,Mumbai,Clothing,T-Shirt,Rahul,1,21974.7,0,UPI,21974.7,Oct,MEDUIM,,,,
ORD1869,07-12-2024,West,Pune,Clothing,T-Shirt,Pooja,11,3569.29,0,UPI,39262.19,Dec,MEDUIM,,,,
ORD1877,05-06-2024,East,Chennai,Clothing,T-Shirt,Arjun,3,25782.9,0,NetBanking,77348.7,Jun,MEDUIM,,,,
ORD1880,13-03-2024,South,Lucknow,Clothing,T-Shirt,Vikas,13,19166.41,5,Cash,236705.16,Mar,HIGH,,,,
ORD1890,30-05-2024,North,Kolkata,Clothing,T-Shirt,Amit,6,23054.9,5,NetBanking,131412.93,May,HIGH,,,,
ORD1910,21-12-2024,East,Bhubaneswar,Clothing,T-Shirt,Pooja,2,25311.66,15,Cash,43029.82,Dec,MEDUIM,,,,
ORD1930,24-12-2024,East,Bangalore,Clothing,T-Shirt,Neha,12,40700.39,20,NetBanking,390723.74,Dec,HIGH,,,,
ORD1956,18-07-2024,South,Pune,Clothing,T-Shirt,Amit,15,28791.82,5,UPI,410283.43,Jul,HIGH,,,,
ORD1968,26-07-2024,South,Jaipur,Clothing,T-Shirt,Neha,6,34274.62,15,Cash,174800.56,Jul,HIGH,,,,
ORD2015,10-09-2024,South,Bhubaneswar,Clothing,T-Shirt,Vikas,1,34278.05,10,UPI,30850.25,Sep,MEDUIM,,,,
ORD2017,06-01-2024,West,Hyderabad,Clothing,T-Shirt,Vikas,12,31636.16,0,NetBanking,379633.92,Jan,HIGH,,,,
ORD2019,24-02-2024,North,Delhi,Clothing,T-Shirt,Priya,4,4277.92,0,UPI,17111.68,Feb,MEDUIM,,,,
ORD2026,12-06-2024,East,Bhubaneswar,Clothing,T-Shirt,Sneha,8,19824.57,20,Card,126877.25,Jun,HIGH,,,,
ORD2084,20-07-2024,North,Ahmedabad,Clothing,T-Shirt,Vikas,1,3846.74,20,NetBanking,3077.39,Jul,LOW,,,,
ORD2113,24-04-2024,East,Hyderabad,Clothing,T-Shirt,Neha,14,43134.51,0,NetBanking,603883.14,Apr,HIGH,,,,
ORD2131,19-04-2024,West,Ahmedabad,Clothing,T-Shirt,Neha,9,36438.61,0,Card,327947.49,Apr,HIGH,,,,
ORD2135,29-06-2024,East,Kolkata,Clothing,T-Shirt,Priya,3,21455.86,0,UPI,64367.58,Jun,MEDUIM,,,,
ORD2177,21-09-2024,East,Bhubaneswar,Clothing,T-Shirt,Sneha,5,29245.93,5,Cash,138918.17,Sep,HIGH,,,,
ORD2178,28-03-2024,East,Patna,Clothing,T-Shirt,Sneha,13,31810.02,15,Card,351500.72,Mar,HIGH,,,,
